"","id","name","city","latitude","longitude","dpcapacity","online_date","X","n_of_trips_from","n_of_trips_to","avg_trip_duration","avg_age","perc_male","perc_subs"
"1",2,"Buckingham Fountain","Chicago",41.876393,-87.620328,27,"6/10/2013 10:43",NA,9062,7900,128.526931141028,33.4583174724021,0.643239113827349,0.18958287353785
"2",3,"Shedd Aquarium","Chicago",41.86722596,-87.61535539,55,"6/10/2013 10:44",NA,23282,19941,116.264591386765,35.9833242208858,0.629644864938983,0.229963061592647
"3",4,"Burnham Harbor","Chicago",41.856268,-87.613348,23,"6/10/2013 10:46",NA,11544,11670,118.301872545623,35.8012596221133,0.658923777284931,0.691528066528067
"4",5,"State St & Harrison St","Chicago",41.874053,-87.627716,23,"6/10/2013 10:46",NA,8156,8436,179.889850008174,36.417317246274,0.754727712213849,0.811794997547818
"5",6,"Dusable Harbor","Chicago",41.885041,-87.612794,39,"6/10/2013 11:18",NA,13515,11110,129.429798988778,36.9846631367536,0.653621068032187,0.33133555308916
"6",7,"Field Blvd & South Water St","Chicago",41.88634906,-87.61751655,19,"6/19/2013 10:00",NA,10590,10207,157.388168083097,36.4148157041661,0.774759615384615,0.742681775259679
"7",9,"Leavitt St & Archer Ave","Chicago",41.82879202,-87.68060446,19,"6/21/2013 9:33",NA,761,809,94.4936925098554,41.1282758620689,0.442280945757997,0.915900131406045
"8",11,"Jeffery Blvd & 71st St","Chicago",41.76663824,-87.57645011,11,"6/21/2013 9:39",NA,396,388,177.33287037037,35.0600600600601,0.58433734939759,0.803030303030303
"9",12,"South Shore Dr & 71st St","Chicago",41.76640946,-87.56568757,15,"6/21/2013 10:00",NA,556,575,120.537350119904,40.3482905982905,0.65948275862069,0.715827338129496
"10",13,"Wilton Ave & Diversey Pkwy","Chicago",41.932418,-87.652705,27,"6/22/2013 18:29",NA,13624,13807,159.040102025837,30.8531786470173,0.726837311557789,0.912654139753376
"11",14,"Morgan St & 18th St","Chicago",41.858086,-87.651073,15,"6/22/2013 18:33",NA,3959,4550,159.731186326513,31.8841743119267,0.790229885057471,0.854508714321798
"12",15,"Racine Ave & 18th St","Chicago",41.858166,-87.656495,15,"6/22/2013 18:35",NA,4049,4338,172.328138635054,31.6030136986301,0.759462424574877,0.865645838478637
"13",16,"Paulina Ave & North Ave","Chicago",41.910337,-87.670072,15,"6/22/2013 18:55",NA,6925,6611,144.658613718412,31.8266539440203,0.677018633540373,0.88115523465704
"14",17,"Honore St & Division St","Chicago",41.903119,-87.673935,23,"6/22/2013 18:58",NA,7566,7528,154.5906930126,32.400630441309,0.688551682692308,0.856066613798573
"15",18,"Wacker Dr & Washington St","Chicago",41.883132,-87.637321,19,"6/22/2013 19:00",NA,18218,16885,180.788484831851,39.5413797061524,0.840436530729466,0.942968492699528
"16",19,"Loomis St & Taylor St (*)","Chicago",41.869417,-87.660996,16,"6/22/2013 19:03",NA,8186,8109,171.634990634416,28.7127384615385,0.780722297547147,0.967139017835329
"17",20,"Sheffield Ave & Kingsbury St","Chicago",41.910522,-87.653106,15,"6/22/2013 19:04",NA,9504,10361,183.459837962963,33.2493503558919,0.678017875325263,0.906460437710438
"18",21,"Aberdeen St & Jackson Blvd","Chicago",41.87772613,-87.65478743,15,"6/22/2013 19:07",NA,12056,11620,179.153406326034,34.8658205689278,0.788523872098116,0.928749170537492
"19",22,"May St & Taylor St","Chicago",41.8694821,-87.6554864,15,"6/22/2013 19:09",NA,9437,9577,168.167464942955,28.7069984094524,0.851733939738488,0.917770477906114
"20",23,"Orleans St & Elm St (*)","Chicago",41.902924,-87.637715,16,"6/22/2013 20:20",NA,4613,4535,193.199418310572,32.4047619047619,0.816870629370629,0.952091914155647
"21",24,"Fairbanks Ct & Grand Ave","Chicago",41.89186,-87.62062,15,"6/22/2013 20:23",NA,21593,22166,174.105674678522,35.1763632215377,0.756276090810316,0.777798360579818
"22",25,"Michigan Ave & Pearson St","Chicago",41.89766,-87.62351,23,"6/22/2013 20:26",NA,10197,9887,150.059698931058,35.8585935131857,0.708941605839416,0.565362361478866
"23",26,"McClurg Ct & Illinois St","Chicago",41.890359,-87.617532,31,"6/22/2013 20:28",NA,19011,17983,169.406266547437,36.7291724909142,0.735092385218365,0.701593814107622
"24",27,"Larrabee St & North Ave","Chicago",41.91021,-87.6435,19,"6/22/2013 20:31",NA,4146,3966,183.45626708474,33.5086184036065,0.755702917771883,0.878195851423058
"25",28,"Larrabee St & Menomonee St","Chicago",41.91468,-87.64332,15,"6/22/2013 20:38",NA,5205,5021,150.542724943964,34.4857795308283,0.715946843853821,0.901248799231508
"26",29,"Noble St & Milwaukee Ave","Chicago",41.90068,-87.6626,15,"6/22/2013 20:52",NA,7018,6664,183.872017193882,31.8694362017804,0.772585182869647,0.891707039042462
"27",30,"Ashland Ave & Augusta Blvd","Chicago",41.899643,-87.6677,15,"6/22/2013 20:54",NA,5672,5765,180.951798307475,31.5321725965177,0.729565712118339,0.915373765867419
"28",31,"Franklin St & Chicago Ave","Chicago",41.896776,-87.635633,23,"6/22/2013 20:58",NA,14189,12729,179.958129536965,35.5289554936367,0.794939577039275,0.917894143350483
"29",32,"Racine Ave & Congress Pkwy","Chicago",41.87464,-87.65703,19,"6/22/2013 21:00",NA,6432,6693,177.62791511194,32.3964981181475,0.781342062193126,0.939676616915423
"30",33,"State St & Van Buren St","Chicago",41.877181,-87.627844,27,"6/22/2013 21:06",NA,11570,10939,168.40633679055,39.0770714865962,0.814675351109302,0.824719101123595
"31",34,"Cannon Dr & Fullerton Ave","Chicago",41.92675599,-87.63442878,15,"6/22/2013 21:09",NA,6162,6563,127.563905117386,35.6380539200495,0.650015610365283,0.452937358000649
"32",35,"Streeter Dr & Grand Ave","Chicago",41.892278,-87.612043,47,"6/22/2013 21:12",NA,66944,78221,120.856888842416,34.8315656359632,0.637906299954912,0.255601696940727
"33",36,"Franklin St & Jackson Blvd","Chicago",41.87770796,-87.63532114,39,"6/24/2013 23:34",NA,19477,18852,173.517767965635,38.2435723184958,0.844104308390023,0.883708990090876
"34",37,"Dearborn St & Adams St","Chicago",41.87935636,-87.62979104,19,"6/25/2013 1:12",NA,12069,11726,172.031130720579,39.2941725812477,0.770885957526429,0.864031817051951
"35",38,"Clark St & Lake St","Chicago",41.88602083,-87.63087606,27,"6/25/2013 1:43",NA,16580,15455,174.293995778046,36.3312143652927,0.8245222302489,0.900241254523522
"36",39,"Wabash Ave & Adams St","Chicago",41.87947235,-87.62568861,23,"6/25/2013 1:44",NA,11752,12262,172.029590707965,40.0643759873617,0.868014742504233,0.826582709326072
"37",40,"LaSalle St & Adams St","Chicago",41.87934437,-87.63198522,15,"6/25/2013 1:44",NA,6855,6432,173.199309506443,38.8590453130405,0.8577116150251,0.804814004376368
"38",41,"Federal St & Polk St","Chicago",41.87207763,-87.62954377,19,"6/25/2013 1:44",NA,12174,12692,182.027790099118,35.2489795918368,0.719011268629589,0.879990142927551
"39",42,"Wabash Ave & Cermak Rd","Chicago",41.852619,-87.626488,11,"6/25/2013 7:38",NA,2787,3060,164.043296256429,35.3381803074367,0.768557130942452,0.808396124865447
"40",43,"Michigan Ave & Washington St","Chicago",41.88389277,-87.62464914,43,"6/25/2013 10:57",NA,38029,37969,183.268147115798,38.3312790366929,0.848195060164661,0.800047332299035
"41",44,"State St & Randolph St","Chicago",41.8847302,-87.62773357,27,"6/25/2013 10:59",NA,19001,18374,177.933089486518,36.4844875841125,0.789300853782315,0.854007683806115
"42",45,"Michigan Ave & Congress Pkwy","Chicago",41.876243,-87.624426,15,"6/25/2013 11:01",NA,7802,7033,166.005586174485,40.98370398773,0.7645477242174,0.600358882337862
"43",46,"Wells St & Walton St","Chicago",41.89993001,-87.63443007,19,"6/25/2013 11:03",NA,6805,5125,181.296789125643,33.638974028069,0.695336453122479,0.888611315209405
"44",47,"State St & Kinzie St","Chicago",41.889187,-87.627754,31,"6/25/2013 11:04",NA,18246,20146,178.481557601666,37.7315029082495,0.800200363158224,0.842431217801162
"45",48,"Larrabee St & Kingsbury St","Chicago",41.897764,-87.642884,39,"6/25/2013 11:20",NA,21352,22254,197.039079087049,34.9653717445076,0.800778778291555,0.953259647808168
"46",49,"Dearborn St & Monroe St","Chicago",41.88131982,-87.62952092,39,"6/25/2013 11:21",NA,20477,19830,171.07817470007,39.2406363588475,0.808430938060568,0.90398984226205
"47",50,"Clark St & Congress Pkwy","Chicago",41.87593267,-87.63058454,27,"6/25/2013 11:23",NA,11920,11922,190.892611856823,41.3942444761226,0.867557932263815,0.929278523489933
"48",51,"Clark St & Randolph St","Chicago",41.88457623,-87.63188991,39,"6/25/2013 11:24",NA,16427,16813,170.053782390779,38.2441992644601,0.801781289760932,0.890180799902599
"49",52,"Michigan Ave & Lake St","Chicago",41.886024,-87.624117,31,"6/25/2013 11:25",NA,22198,22386,179.928933537556,38.6723824226719,0.800463908985475,0.782052437156501
"50",53,"LaSalle (Wells) St & Huron St","Chicago",41.894882,-87.632326,27,"6/25/2013 11:27",NA,19181,17987,180.942586413639,33.8076375846565,0.786411090193394,0.900005213492519
"51",54,"Ogden Ave & Chicago Ave","Chicago",41.89636246,-87.65406127,19,"6/25/2013 11:28",NA,8381,8061,191.516760132045,33.6023925906868,0.763706563706564,0.906574394463668
"52",55,"Halsted St & Roosevelt Rd","Chicago",41.867324,-87.648625,23,"6/25/2013 11:33",NA,5011,5510,181.342892303599,31.2921013412818,0.794500106587082,0.928357613250848
"53",56,"Desplaines St & Kinzie St","Chicago",41.88871604,-87.64444785,27,"6/25/2013 11:50",NA,19112,16702,176.487490407423,33.7707273438809,0.778586220406336,0.91816659690247
"54",57,"Clinton St & Roosevelt Rd","Chicago",41.86711778,-87.64108796,15,"6/25/2013 11:54",NA,5959,6602,181.26482911003,35.4368877166542,0.797052154195011,0.870280248363819
"55",58,"Marshfield Ave & Cortland St","Chicago",41.916017,-87.668879,23,"6/25/2013 11:57",NA,15413,14871,185.086073444495,37.0378216977108,0.753128555176337,0.88944397586453
"56",59,"Wabash Ave & Roosevelt Rd","Chicago",41.867227,-87.625961,23,"6/25/2013 12:06",NA,21464,22662,171.33538017145,36.058204992034,0.739907451731291,0.853615355944838
"57",60,"Dayton St & North Ave","Chicago",41.91057803,-87.64942193,19,"6/25/2013 12:08",NA,10077,10381,181.983955211538,33.6620319684694,0.751947339550192,0.884687903145777
"58",61,"Wood St & Milwaukee Ave","Chicago",41.907655,-87.672552,19,"6/25/2013 12:09",NA,10332,10799,146.955889469609,32.0512680962229,0.713943355119826,0.857142857142857
"59",62,"McCormick Place","Chicago",41.85137517,-87.61883465,27,"6/25/2013 12:13",NA,5774,5604,130.726385521302,37.2654639175257,0.714179933358016,0.348285417388292
"60",66,"Clinton St & Lake St","Chicago",41.885637,-87.641823,23,"6/25/2013 12:21",NA,23175,23755,181.651359942467,36.6046825754165,0.803938356164384,0.946105717367853
"61",67,"Sheffield Ave & Fullerton Ave","Chicago",41.92560188,-87.65370804,19,"6/25/2013 12:23",NA,16841,16407,161.527706193219,32.90858474686,0.764117876152149,0.89163351344932
"62",68,"Clinton St & Tilden St","Chicago",41.875885,-87.640795,23,"6/25/2013 12:52",NA,6998,6707,168.378436696199,36.7086779966912,0.799396226415094,0.933552443555302
"63",69,"Damen Ave & Pierce Ave","Chicago",41.90939601,-87.67769193,19,"6/25/2013 12:53",NA,18413,19736,144.790236065099,32.7610046936445,0.735832217759929,0.820561559767556
"64",71,"Morgan St & Lake St","Chicago",41.88548331,-87.65230486,23,"6/25/2013 12:55",NA,17005,19055,170.114920121533,36.3588302898736,0.82459728969573,0.897441928844458
"65",72,"Wabash Ave & 16th St","Chicago",41.860384,-87.625813,39,"6/25/2013 12:56",NA,9090,10105,178.28598459846,37.2153450177718,0.790706228543404,0.877777777777778
"66",73,"Jefferson St & Monroe St","Chicago",41.880422,-87.642746,19,"6/25/2013 13:08",NA,8621,8246,178.045364033561,34.1056450621079,0.751696065128901,0.925646676719638
"67",74,"Kingsbury St & Erie St","Chicago",41.893882,-87.641711,23,"6/26/2013 12:19",NA,19812,18108,188.079667205061,35.5023299649197,0.787720033528919,0.946042802342015
"68",75,"Canal St & Jackson Blvd","Chicago",41.877245,-87.639366,31,"6/26/2013 15:21",NA,11981,12349,183.326092702334,38.8140116019633,0.823629371254807,0.920624321842918
"69",76,"Lake Shore Dr & Monroe St","Chicago",41.880958,-87.616743,39,"6/26/2013 15:26",NA,36174,30049,122.800623836641,34.6598894239344,0.634362416107383,0.240476585392824
"70",77,"Clinton St & Madison St","Chicago",41.882242,-87.641066,31,"6/26/2013 15:27",NA,51692,50068,181.44928551162,38.6830321994548,0.859573865360879,0.945291341019887
"71",80,"Aberdeen St & Monroe St","Chicago",41.880419,-87.655519,19,"6/26/2013 19:00",NA,9875,10364,185.407149367089,35.9957783641162,0.757310250184736,0.94653164556962
"72",81,"Daley Center Plaza","Chicago",41.884241,-87.629634,39,"6/26/2013 19:02",NA,33968,34427,168.124145273983,37.1174756368878,0.767159401186329,0.92263306641545
"73",84,"Milwaukee Ave & Grand Ave","Chicago",41.891578,-87.648384,19,"6/26/2013 19:14",NA,13847,13202,179.576873450326,32.4790437752251,0.797047397047397,0.911244312847548
"74",85,"Michigan Ave & Oak St","Chicago",41.90096039,-87.62377664,23,"6/26/2013 19:18",NA,29374,31316,131.605405006695,34.8896797153025,0.634473197781885,0.432116838020018
"75",86,"Eckhart Park","Chicago",41.89637337,-87.66098386,19,"6/26/2013 19:32",NA,7049,7276,199.556842578143,31.7742918062747,0.758725803993294,0.915732728046531
"76",87,"Racine Ave & Fullerton Ave","Chicago",41.92556258,-87.65840426,19,"6/26/2013 19:36",NA,7990,7915,154.378387567793,32.043769662153,0.751204073207651,0.895994993742178
"77",88,"Racine Ave & Randolph St","Chicago",41.884069,-87.656853,19,"6/26/2013 19:44",NA,7959,8038,176.299013695188,35.5271422769731,0.788711220445538,0.907023495413997
"78",89,"Financial Pl & Congress Pkwy","Chicago",41.87500913,-87.63310582,31,"6/26/2013 19:47",NA,8242,8008,199.043518967888,40.6817542513745,0.86114307633295,0.933389953894686
"79",90,"Millennium Park","Chicago",41.8810317,-87.62408432,47,"6/26/2013 19:51",NA,32483,36256,142.250206261737,36.6293533951618,0.697315261305878,0.383954683988548
"80",91,"Clinton St & Washington Blvd","Chicago",41.88338,-87.64117,31,"6/26/2013 23:39",NA,48669,47638,191.303523803653,41.017412565111,0.878596969180998,0.955433643592431
"81",92,"Carpenter St & Huron St","Chicago",41.894556,-87.653449,19,"6/27/2013 8:58",NA,6013,5181,202.264030711237,33.5833626450933,0.765503875968992,0.92349908531515
"82",93,"Sheffield Ave & Willow St","Chicago",41.913688,-87.652855,15,"6/27/2013 11:41",NA,8936,9158,174.975367427634,33.6538695176771,0.699805068226121,0.900962399283796
"83",94,"Clark St & Armitage Ave","Chicago",41.918306,-87.636282,31,"6/27/2013 12:33",NA,19848,20331,152.288566438264,34.1077658612223,0.64980595084088,0.730854494155582
"84",95,"Stony Island Ave & 64th St","Chicago",41.77870057,-87.58678762,15,"6/27/2013 13:58",NA,242,247,161.467011019284,41.907514450867,0.488372093023256,0.673553719008264
"85",96,"Desplaines St & Randolph St","Chicago",41.88461619,-87.64457058,23,"6/28/2013 10:47",NA,11277,10785,166.939626378174,34.3335969160819,0.815500346431753,0.87097632349029
"86",97,"Field Museum","Chicago",41.865312,-87.617867,55,"6/30/2013 13:25",NA,9184,7294,127.715387267712,38.5128575556198,0.640914351851852,0.287456445993031
"87",98,"LaSalle St & Washington St","Chicago",41.882664,-87.63253,15,"7/15/2013 14:41",NA,12358,10944,171.23907590225,39.1566222845129,0.825162537339659,0.908237578896262
"88",99,"Lake Shore Dr & Ohio St","Chicago",41.89257,-87.614492,19,"7/15/2013 15:12",NA,12990,12578,151.821158583526,34.4461074230537,0.681724597311372,0.568129330254042
"89",100,"Orleans St & Merchandise Mart Plaza","Chicago",41.888243,-87.63639,35,"7/15/2013 17:26",NA,29082,22381,171.525441280976,34.6499945197472,0.80536053824777,0.919537858469156
"90",101,"63rd St Beach","Chicago",41.78101637,-87.57611976,23,"7/16/2013 1:27",NA,956,939,145.211924686192,39.5437262357414,0.651428571428571,0.507322175732218
"91",102,"Stony Island Ave & 67th St","Chicago",41.7734585,-87.58533974,11,"7/16/2013 1:28",NA,314,322,174.761146496815,41.4567307692307,0.282926829268293,0.627388535031847
"92",103,"Clinton St & Polk St (*)","Chicago",41.87146652,-87.64094913,16,"7/18/2013 15:51",NA,2118,2692,179.654461756374,34.278735632184,0.857829010566763,0.935788479697828
"93",106,"State St & Pearson St","Chicago",41.897448,-87.628722,27,"7/18/2013 15:59",NA,11941,10816,185.553458671803,36.7609364798059,0.75661771583575,0.874717360355079
"94",107,"Desplaines St & Jackson Blvd","Chicago",41.878287,-87.643909,27,"7/18/2013 16:39",NA,14218,14231,170.612512308342,35.6204979991107,0.715588169891038,0.934871289914193
"95",108,"Halsted St & Polk St","Chicago",41.87184,-87.64664,19,"7/18/2013 16:41",NA,8606,8428,179.786871562476,29.6885745640775,0.824856689840224,0.937717871252614
"96",109,"900 W Harrison St","Chicago",41.874754,-87.649807,19,"7/18/2013 16:45",NA,6187,5755,175.50981628145,34.3246281563472,0.743509865005192,0.922417973169549
"97",110,"Dearborn St & Erie St","Chicago",41.893992,-87.629318,23,"7/18/2013 16:46",NA,23829,24191,183.777509896904,34.8996906346676,0.731343984962406,0.868185823995971
"98",111,"Sedgwick St & Huron St","Chicago",41.894666,-87.638437,19,"7/18/2013 16:52",NA,11442,11456,193.457977917613,35.7785556374356,0.814947931066261,0.93357804579619
"99",112,"Green St & Randolph St","Chicago ",41.883668,-87.64867,15,"7/18/2013 17:00",NA,14206,16034,167.296754892299,34.4874876522883,0.776403660648034,0.810221033366183
"100",113,"Bissell St & Armitage Ave","Chicago ",41.91844,-87.65222,15,"7/18/2013 17:09",NA,12895,13880,161.730244280729,31.7324504457717,0.667100694444444,0.867855758045754
"101",114,"Sheffield Ave & Waveland Ave","Chicago",41.949399,-87.654529,27,"7/18/2013 17:17",NA,13565,15382,150.051847892862,34.0043521266073,0.772055175151335,0.684482123110947
"102",115,"Sheffield Ave & Wellington Ave","Chicago",41.936266,-87.652662,23,"7/18/2013 17:18",NA,12089,12662,150.281720296688,32.190583566339,0.679920477137177,0.892050624534701
"103",116,"Western Ave & Winnebago Ave","Chicago",41.91552,-87.687022,15,"7/18/2013 17:19",NA,7576,7552,150.603341693066,35.870461806564,0.743489014986178,0.881731784582893
"104",117,"Wilton Ave & Belmont Ave","Chicago",41.94018,-87.65304,23,"7/18/2013 17:20",NA,17911,18073,156.925810954162,32.0604412973382,0.740590546191864,0.850427111830719
"105",118,"Sedgwick St & North Ave","Chicago",41.911386,-87.638677,19,"7/18/2013 17:20",NA,12770,12162,170.630349778126,32.8525546174601,0.752570134169716,0.880187940485513
"106",119,"Ashland Ave & Lake St","Chicago",41.88541,-87.66732,19,"7/18/2013 17:21",NA,4566,4218,183.663129653964,37.3866371898796,0.777914412198721,0.860709592641261
"107",120,"Wentworth Ave & Archer Ave","Chicago",41.853605,-87.631886,23,"7/18/2013 17:21",NA,4514,5136,164.077687933835,32.3167609407562,0.72320624437106,0.689853788214444
"108",121,"Blackstone Ave & Hyde Park Blvd","Chicago",41.802562,-87.590368,19,"7/18/2013 17:22",NA,3196,2879,185.840086566542,35.011447562777,0.76459719142646,0.819774718397998
"109",122,"Ogden Ave & Congress Pkwy","Chicago",41.87501,-87.67328,15,"7/18/2013 17:23",NA,1681,1350,177.904312908983,39.9149596523898,0.63416149068323,0.950624628197501
"110",123,"California Ave & Milwaukee Ave","Chicago",41.922695,-87.697153,15,"7/18/2013 17:23",NA,9724,9450,154.325119978061,33.9217250549195,0.716137994906228,0.861579596873715
"111",124,"Damen Ave & Cullerton St","Chicago",41.855048,-87.675726,15,"7/18/2013 17:24",NA,1811,2032,150.312055954353,34.2915617128463,0.700697526949905,0.842076200993926
"112",125,"Rush St & Hubbard St","Chicago",41.890173,-87.626185,23,"7/18/2013 17:53",NA,12030,12824,188.01944582987,37.2129007850185,0.841666666666667,0.847381546134663
"113",126,"Clark St & North Ave","Chicago ",41.911974,-87.631942,15,"7/18/2013 17:54",NA,9212,9510,155.051072875959,34.6429612357913,0.645062179956108,0.686604429005645
"114",127,"Lincoln Ave & Fullerton Ave","Chicago ",41.925905,-87.64926,15,"7/18/2013 17:55",NA,9473,9732,160.102809739963,33.755510056606,0.727886237647626,0.851472606354903
"115",128,"Damen Ave & Chicago Ave","Chicago",41.895769,-87.67722,19,"7/18/2013 17:55",NA,9847,11040,156.056746555635,33.0591111111112,0.660180140108974,0.893266984868488
"116",129,"Blue Island Ave & 18th St","Chicago ",41.857556,-87.661535,15,"7/18/2013 17:56",NA,5208,5533,165.295945340502,31.1088247772593,0.668224299065421,0.885560675883256
"117",130,"Damen Ave & Division St","Chicago ",41.903266,-87.678435,15,"7/18/2013 17:57",NA,6772,7064,147.402662925773,32.3521309350185,0.748905109489051,0.881128174837566
"118",131,"Lincoln Ave & Belmont Ave","Chicago ",41.939365,-87.668385,15,"7/18/2013 17:57",NA,7001,7085,172.085159262962,34.5205651491365,0.640454760776883,0.892015426367662
"119",132,"Wentworth Ave & 24th St","Chicago ",41.849237,-87.631715,15,"7/18/2013 17:58",NA,1334,1649,166.552498750625,30.3910505836575,0.627085377821394,0.71664167916042
"120",133,"Kingsbury St & Kinzie St","Chicago",41.88917683,-87.63850577,31,"7/18/2013 22:47",NA,34589,34655,177.908574498636,35.7743606937122,0.804063550259701,0.934748041284801
"121",134,"Peoria St & Jackson Blvd","Chicago",41.877749,-87.649633,19,"7/18/2013 22:48",NA,13783,12928,172.274578587148,34.9902390285142,0.795388162951576,0.931292171515635
"122",135,"Halsted St & 21st St","Chicago",41.85378,-87.64665,11,"7/18/2013 22:49",NA,1384,1512,162.51631743738,33.3381112984823,0.70777027027027,0.822976878612717
"123",136,"Racine Ave & 13th St","Chicago ",41.865054,-87.656959,15,"7/18/2013 22:52",NA,1250,1150,178.022506666667,32.5173913043479,0.823478260869565,0.9056
"124",137,"Morgan Ave & 14th Pl","Chicago ",41.862378,-87.651062,15,"7/18/2013 22:54",NA,4875,4756,182.523668376068,34.5863324764352,0.677163667523565,0.947897435897436
"125",138,"Clybourn Ave & Division St","Chicago ",41.904613,-87.640552,15,"7/18/2013 22:55",NA,6550,6536,188.871254452926,34.2015719665958,0.748770894788594,0.918931297709924
"126",140,"Dearborn Pkwy & Delaware Pl","Chicago ",41.898969,-87.629912,19,"7/18/2013 22:56",NA,16553,17516,179.550888056546,35.9068498686604,0.702761381369157,0.868483054431221
"127",141,"Clark St & Lincoln Ave","Chicago ",41.915689,-87.6346,23,"7/18/2013 22:57",NA,17883,18511,159.455535983895,33.4996676268559,0.629711915870547,0.705306715875412
"128",142,"McClurg Ct & Erie St","Chicago ",41.894503,-87.617854,31,"7/18/2013 22:58",NA,16332,16256,171.109413013307,35.1088169642858,0.650045394231441,0.847048738672545
"129",143,"Sedgwick St & Webster Ave","Chicago ",41.922167,-87.638888,15,"7/19/2013 9:19",NA,12253,12078,148.901915177236,34.2131974861932,0.712692967409949,0.814984085530074
"130",144,"Larrabee St & Webster Ave","Chicago ",41.921822,-87.64414,19,"7/19/2013 9:20",NA,11928,12129,149.716547898502,32.4716015355841,0.686643666830951,0.820674044265594
"131",145,"Mies van der Rohe Way & Chestnut St","Chicago",41.89858665,-87.62191523,19,"7/19/2013 9:20",NA,14231,13569,162.140271238845,36.6810701480188,0.724080422496062,0.71393436863186
"132",146,"Loomis St & Jackson Blvd","Chicago ",41.877945,-87.662007,11,"7/19/2013 9:21",NA,4531,4464,187.2007430295,38.3853759484939,0.678776730282824,0.939969101743544
"133",147,"Indiana Ave & 26th St","Chicago ",41.845687,-87.622481,15,"7/19/2013 9:22",NA,2296,2110,150.810206155633,34.4221398305085,0.738690792974987,0.779616724738676
"134",148,"State St & 33rd St","Chicago ",41.834734,-87.625813,15,"7/19/2013 9:22",NA,8234,8800,172.611873532508,26.1741658240646,0.762302340290955,0.953606995384989
"135",149,"Calumet Ave & 33rd St","Chicago ",41.8349,-87.61793,11,"7/19/2013 9:23",NA,3126,2892,147.666138835573,27.4248476641842,0.7708192281652,0.935060780550224
"136",150,"Fort Dearborn Dr & 31st St","Chicago ",41.838556,-87.608218,27,"7/19/2013 9:23",NA,7305,7352,128.370116358658,32.8479304825064,0.644001831501832,0.543052703627652
"137",152,"Lincoln Ave & Diversey Pkwy","Chicago ",41.932225,-87.658617,15,"7/19/2013 9:25",NA,7721,7439,151.280993394638,32.0135916714864,0.649051686694658,0.866986141691491
"138",153,"Southport Ave & Wellington Ave","Chicago ",41.935733,-87.663576,19,"7/19/2013 9:34",NA,10959,10927,162.098804635459,32.4344565543445,0.697324917342952,0.891048453326033
"139",154,"Southport Ave & Belmont Ave","Chicago ",41.93949,-87.66378,15,"7/19/2013 9:34",NA,4960,5045,152.854784946237,31.5218355131899,0.736889087257309,0.863508064516129
"140",156,"Clark St & Wellington Ave","Chicago ",41.93649682,-87.64753866,15,"7/19/2013 9:35",NA,11192,11263,151.587224505599,33.590485728593,0.72038912847257,0.864724803431022
"141",157,"Lake Shore Dr & Wellington Ave","Chicago ",41.936669,-87.636794,15,"7/19/2013 9:36",NA,11240,11839,126.792995255042,36.0940478958382,0.643231288557793,0.720462633451957
"142",158,"Milwaukee Ave & Wabansia Ave","Chicago ",41.912616,-87.681391,15,"7/19/2013 9:40",NA,8944,9255,145.169923971377,33.4565524322936,0.628211716341213,0.838103756708408
"143",159,"Claremont Ave & Hirsch St","Chicago",41.907781,-87.685854,11,"7/19/2013 9:56",NA,2895,2683,117.570489349453,32.5320865419876,0.636596993032637,0.928151986183074
"144",160,"Campbell Ave & North Ave","Chicago",41.910535,-87.689556,15,"7/19/2013 9:57",NA,3302,3374,133.005648092065,31.625085440875,0.803284296955183,0.857056329497274
"145",161,"Rush St & Superior St","Chicago",41.89576475,-87.62590803,23,"7/19/2013 10:00",NA,12433,12189,171.388900506716,37.2833962264151,0.71521986353298,0.812997667497788
"146",162,"Damen Ave & Wellington Ave","Chicago",41.93588,-87.67842,15,"7/19/2013 10:02",NA,3325,3554,177.614776942356,36.3095723014258,0.754511406196799,0.874887218045113
"147",163,"Damen Ave & Clybourn Ave","Chicago",41.931931,-87.677856,15,"7/19/2013 10:02",NA,3393,3790,146.776402397092,35.7972027972028,0.783757961783439,0.910993221338049
"148",164,"Franklin St & Lake St","Chicago",41.885837,-87.6355,27,"7/19/2013 10:03",NA,16090,14988,172.935909467578,37.0772090553012,0.827629742840056,0.921255438160348
"149",165,"Clark St & Grace St","Chicago",41.95078,-87.659172,19,"7/19/2013 10:03",NA,7394,7081,157.119491028762,33.7707887370327,0.76739202110122,0.774546929943197
"150",166,"Ashland Ave & Wrightwood Ave","Chicago ",41.92883,-87.668507,15,"7/19/2013 10:07",NA,4449,4669,160.447220349142,34.5018615040954,0.748944623789421,0.886491346369971
"151",167,"Damen Ave & Coulter St","Chicago ",41.8492,-87.67564,11,"7/19/2013 10:08",NA,394,417,159.433925549915,36.2740963855422,0.608433734939759,0.786802030456853
"152",168,"Michigan Ave & 14th St","Chicago ",41.864059,-87.623727,19,"7/19/2013 10:08",NA,9025,9308,181.82836565097,37.1817608476288,0.727777777777778,0.850969529085873
"153",169,"Canal St & Harrison St","Chicago ",41.874255,-87.639573,15,"7/19/2013 10:09",NA,3662,3005,164.243655561624,42.3878281622913,0.734737484737485,0.903331512834517
"154",170,"Clinton St & 18th St","Chicago",41.85795,-87.640826,15,"7/19/2013 11:04",NA,2238,2320,196.166026213881,40.1001525165227,0.875381485249237,0.858802502234138
"155",171,"May St & Cullerton St","Chicago ",41.855136,-87.654127,11,"7/19/2013 11:05",NA,2097,2001,158.131139723414,32.3730489073882,0.856770833333333,0.897472579876013
"156",172,"Rush St & Cedar St","Chicago",41.9023087,-87.62769053,11,"7/19/2013 11:05",NA,12169,12480,171.799070041362,33.7612681049327,0.709090909090909,0.749445311858
"157",173,"Mies van der Rohe Way & Chicago Ave","Chicago ",41.89691,-87.621743,15,"7/19/2013 11:07",NA,13639,13699,159.730119510228,35.992091954023,0.66642080029504,0.759293203314026
"158",174,"Canal St & Madison St","Chicago ",41.882091,-87.639833,35,"7/19/2013 11:07",NA,34188,31154,185.209126009126,37.901994742539,0.874283767460588,0.92974142974143
"159",175,"Wells St & Polk St","Chicago ",41.872596,-87.633502,19,"7/19/2013 11:08",NA,7635,7449,182.802654442262,32.6241276171486,0.774041886308591,0.897445972495088
"160",176,"Clark St & Elm St","Chicago ",41.902973,-87.63128,27,"7/19/2013 11:08",NA,23368,24170,180.040390705238,32.4381272509004,0.706283955959421,0.864344402601849
"161",177,"Theater on the Lake","Chicago ",41.926277,-87.630834,23,"7/19/2013 11:09",NA,30679,33838,118.550591066636,34.4292561056443,0.641419816138917,0.581114117148538
"162",178,"State St & 19th St","Chicago ",41.856594,-87.627542,15,"7/19/2013 11:10",NA,2433,2547,174.101308398411,36.9864794591783,0.666493236212279,0.759556103575832
"163",179,"MLK Jr Dr & Oakwood Blvd","Chicago",41.82256,-87.61615,15,"7/19/2013 11:12",NA,874,947,136.097540045767,37.6876675603216,0.737265415549598,0.830663615560641
"164",180,"Ritchie Ct & Banks St","Chicago",41.906866,-87.626217,15,"7/19/2013 11:14",NA,7611,7248,174.984844304296,32.4695188841874,0.653202903124014,0.796741558270924
"165",181,"LaSalle St & Illinois St","Chicago",41.890762,-87.631697,31,"7/19/2013 11:15",NA,19816,21293,174.69422436415,33.8650152260482,0.774350840089296,0.816713766653209
"166",182,"Wells St & Elm St","Chicago",41.903222,-87.634324,23,"7/20/2013 12:38",NA,12916,12810,189.385841849902,31.1948301458388,0.710176604301451,0.864199442551874
"167",183,"Damen Ave & Augusta Blvd","Chicago",41.899113,-87.677212,23,"7/20/2013 17:09",NA,6685,6409,138.953405634505,32.6508352440223,0.699655342195963,0.88735976065819
"168",184,"State St & 35th St","Chicago",41.83104,-87.62688,19,"7/21/2013 7:52",NA,3270,3801,177.852793068298,28.621463414634,0.762369791666667,0.930581039755352
"169",185,"Stave St & Armitage Ave","Chicago",41.917741,-87.691392,11,"7/26/2013 10:32",NA,2151,2119,155.342577095924,32.2749599572878,0.714438502673797,0.844723384472338
"170",186,"Ogden Ave & Race Ave","Chicago",41.891795,-87.658751,15,"7/27/2013 13:03",NA,6678,7485,192.338561944694,32.4861736334406,0.772859450726979,0.909254267744834
"171",188,"Greenview Ave & Fullerton Ave","Chicago",41.92533,-87.6658,15,"7/28/2013 14:35",NA,6421,7120,169.540564813373,31.1251294442527,0.770880166003804,0.876343248715153
"172",190,"Southport Ave & Wrightwood Ave","Chicago",41.928773,-87.663913,15,"8/5/2013 9:36",NA,6058,6121,165.670523825245,34.6765388046388,0.795714285714286,0.903928689336415
"173",191,"Canal St & Monroe St (*)","Chicago",41.880884,-87.639525,28,"8/6/2013 13:14",NA,14039,12286,180.082978369779,37.9441100601891,0.874919175228105,0.969371037823207
"174",192,"Canal St & Adams St","Chicago",41.879255,-87.639904,47,"8/6/2013 13:27",NA,62654,59179,193.866085432162,40.181572040796,0.847086045311538,0.950410189293581
"175",193,"State St & 29th St","Chicago",41.841707,-87.626938,15,"8/6/2013 14:08",NA,589,468,151.647000565931,35.01244813278,0.843423799582463,0.782682512733446
"176",194,"Wabash Ave & Wacker Pl","Chicago",41.886875,-87.62603,19,"8/7/2013 14:01",NA,12462,12670,163.590592735248,39.4951597793277,0.772243107769424,0.707189857165784
"177",195,"Columbus Dr & Randolph St","Chicago",41.884728,-87.619521,47,"8/7/2013 14:11",NA,35342,22743,181.275133929414,38.4419909682561,0.828405122235157,0.814073906400317
"178",196,"Cityfront Plaza Dr & Pioneer Ct","Chicago",41.890573,-87.622072,23,"8/7/2013 16:23",NA,13036,11930,182.438743990999,37.0696394164602,0.803937804765848,0.785900583000921
"179",197,"Michigan Ave & Madison St","Chicago",41.882134,-87.625125,19,"8/8/2013 11:27",NA,10464,10450,167.057820463812,40.2964667970998,0.752662037037037,0.785168195718654
"180",198,"Green St & Madison St","Chicago",41.881892,-87.648789,19,"8/8/2013 11:47",NA,16259,17588,173.976525821596,34.6004067440792,0.75471202469298,0.914078356602497
"181",199,"Wabash Ave & Grand Ave","Chicago",41.891466,-87.626761,31,"8/8/2013 12:26",NA,21029,21357,171.695637770064,35.3233560884532,0.775903473320448,0.761710019496885
"182",200,"MLK Jr Dr & 47th St","Chicago",41.809851,-87.616279,11,"8/10/2013 15:31",NA,406,414,145.397454844007,31.8818181818183,0.690909090909091,0.768472906403941
"183",201,"Indiana Ave & 40th St","Chicago",41.82168,-87.6216,15,"8/10/2013 15:47",NA,478,420,138.766213389121,32.9716494845361,0.702842377260982,0.790794979079498
"184",202,"Halsted St & 18th St","Chicago",41.857499,-87.646277,15,"8/12/2013 17:23",NA,2322,2471,173.601435544071,32.0376317109885,0.761426418884982,0.835486649440138
"185",203,"Western Ave & 21st St","Chicago",41.854109,-87.685838,15,"8/13/2013 11:55",NA,1326,1365,140.696958270488,38.6390675241157,0.815916398713826,0.929110105580694
"186",204,"Prairie Ave & Garfield Blvd","Chicago",41.794853,-87.618691,11,"8/13/2013 15:14",NA,1374,1386,189.2756428918,36.7107718405427,0.622978723404255,0.849344978165939
"187",205,"Paulina St & 18th St","Chicago",41.857901,-87.668745,15,"8/13/2013 16:01",NA,3453,3582,158.585317115552,34.451935483871,0.722813810906744,0.88010425716768
"188",206,"Halsted St & Archer Ave","Chicago",41.847203,-87.646795,15,"8/14/2013 8:53",NA,1553,1463,166.971936037776,35.3959243085881,0.71865889212828,0.856406954282035
"189",207,"Emerald Ave & 28th St","Chicago",41.84358,-87.645368,15,"8/14/2013 10:26",NA,1740,1717,169.130411877395,32.6415320167564,0.675044883303411,0.948850574712644
"190",208,"Ashland Ave & 21st St","Chicago",41.85381,-87.665897,15,"8/14/2013 13:01",NA,1005,1281,164.811674958541,32.7622857142858,0.775486827033219,0.830845771144279
"191",209,"Normal Ave & Archer Ave","Chicago",41.849527,-87.640591,11,"8/14/2013 13:18",NA,1086,1049,136.261433394721,37.1388074291301,0.712328767123288,0.933701657458563
"192",210,"Ashland Ave & Division St","Chicago",41.90345,-87.667747,19,"8/14/2013 16:30",NA,17460,17279,165.074153302787,32.3034591194969,0.737748344370861,0.885108820160367
"193",211,"St. Clair St & Erie St","Chicago",41.894448,-87.622663,19,"8/14/2013 16:32",NA,19036,24178,175.520522518736,38.476727521964,0.726192709310323,0.795492750577853
"194",212,"Orleans St & Ohio St","Chicago",41.892154,-87.636928,23,"8/14/2013 17:16",NA,17307,17917,183.888991930048,33.5201574503205,0.784240030577144,0.878835153406136
"195",213,"Leavitt St & North Ave","Chicago",41.910153,-87.68229,15,"8/15/2013 11:42",NA,4368,4290,134.611286630037,34.2669075890553,0.645478036175711,0.85782967032967
"196",214,"Damen Ave & Grand Ave","Chicago",41.89122,-87.67686,23,"8/15/2013 11:46",NA,5287,5456,144.1617836202,35.6662518149762,0.710695742471443,0.886514091167013
"197",215,"Damen Ave & Madison St","Chicago",41.88137,-87.67493,15,"8/15/2013 14:08",NA,2531,2484,153.022033451864,35.0902743142144,0.738261738261738,0.726590280521533
"198",216,"California Ave & Division St","Chicago",41.903029,-87.697474,15,"8/15/2013 14:13",NA,2024,2242,158.227635046113,34.1660353535353,0.68467895740623,0.728260869565217
"199",217,"Racine Ave (May St) & Fulton St","Chicago",41.886926,-87.656919,15,"8/15/2013 15:14",NA,6507,7473,182.973764151427,35.1419743305339,0.809478522745285,0.955739972337483
"200",218,"Wells St & 19th St","Chicago",41.856802,-87.633879,11,"8/15/2013 16:21",NA,1587,1566,139.067779878177,36.0614583333333,0.626694473409802,0.582230623818526
"201",219,"Damen Ave & Cortland St","Chicago",41.916027,-87.677411,19,"8/16/2013 11:54",NA,8666,8854,139.306879375337,35.6308025443227,0.705818527058185,0.814678052157858
"202",220,"Hampden Ct & Diversey Pkwy","Chicago",41.93262,-87.642385,23,"8/16/2013 11:58",NA,12849,14766,149.981190494721,31.9182026593305,0.678584558823529,0.814071133940384
"203",222,"Milwaukee Ave & Rockwell St","Chicago",41.920195,-87.693033,19,"8/16/2013 15:04",NA,2829,3032,145.514533993166,33.3461227786752,0.701860841423948,0.844114528101803
"204",223,"Clifton Ave & Armitage Ave","Chicago",41.918216,-87.656936,15,"8/16/2013 16:07",NA,7051,7109,161.188292440789,33.457897203562,0.665415297982168,0.881577081265069
"205",224,"Halsted St & Willow St","Chicago",41.913778,-87.64884,19,"8/16/2013 17:25",NA,6047,6052,166.485433548316,32.1924144310824,0.629327902240326,0.867041508185877
"206",225,"Halsted St & Dickens Ave","Chicago",41.919936,-87.64883,15,"8/19/2013 9:23",NA,8997,9566,159.096441406395,33.2554417413573,0.639789770542238,0.823496721129265
"207",226,"Racine Ave & Belmont Ave","Chicago",41.939743,-87.658865,15,"8/19/2013 9:29",NA,7209,7142,156.10392333657,32.3097087378642,0.687540558079169,0.830489665695658
"208",227,"Southport Ave & Waveland Ave","Chicago",41.94815,-87.66394,23,"8/19/2013 13:15",NA,10228,10349,158.101127623517,33.8685152057244,0.696382283331455,0.850606179116152
"209",228,"Damen Ave & Melrose Ave","Chicago",41.9406,-87.6785,15,"8/19/2013 15:50",NA,2818,2948,158.468819493731,34.0047040376323,0.662087912087912,0.876153300212917
"210",229,"Southport Ave & Roscoe St","Chicago",41.943739,-87.66402,19,"8/19/2013 16:10",NA,11924,12985,158.335590685452,32.6978479196557,0.68140828856485,0.841160684334116
"211",230,"Lincoln Ave & Roscoe St","Chicago",41.94334,-87.67097,19,"8/19/2013 17:20",NA,8199,9200,158.995977151685,35.7077595338983,0.718571618213195,0.906452006342237
"212",231,"Sheridan Rd & Montrose Ave","Chicago",41.96167,-87.65464,23,"8/20/2013 10:12",NA,6857,7914,163.569964999271,34.8344515263334,0.73199865410498,0.837975791162316
"213",232,"Pine Grove Ave & Waveland Ave","Chicago",41.949275,-87.646303,23,"8/20/2013 11:09",NA,10327,10448,146.474939479036,34.5698712744984,0.699883177570093,0.791517381620993
"214",233,"Sangamon St & Washington Blvd (*)","Chicago",41.883004,-87.651148,16,"8/20/2013 11:46",NA,8110,7584,179.670150020551,36.9756097560976,0.783426791277259,0.951171393341554
"215",234,"Clark St & Montrose Ave","Chicago",41.961588,-87.666036,19,"8/20/2013 14:21",NA,4236,4046,163.775519357885,35.3611039463503,0.737941707505803,0.885741265344665
"216",236,"Sedgwick St & Schiller St","Chicago",41.905664,-87.638517,15,"8/20/2013 16:12",NA,2861,2758,188.934882908074,31.984375,0.797351524879615,0.839217056973086
"217",237,"MLK Jr Dr & 29th St","Chicago",41.842052,-87.617,15,"8/20/2013 16:56",NA,10210,9068,171.221008814887,26.9019930141772,0.765744373322321,0.94613124387855
"218",238,"Ravenswood Ave & Montrose Ave (*)","Chicago",41.961615,-87.674365,16,"8/21/2013 9:51",NA,3491,3517,164.049307743722,35.4439894706054,0.627049180327869,0.919507304497279
"219",239,"Western Ave & Leland Ave","Chicago",41.966555,-87.688487,19,"8/21/2013 10:50",NA,5842,6302,166.418001825859,38.6489941718369,0.694286795308362,0.891304347826087
"220",240,"Sheridan Rd & Irving Park Rd","Chicago",41.954245,-87.654406,27,"8/21/2013 11:07",NA,11542,11783,148.728344307746,35.3689671584959,0.797423664122137,0.892046439092012
"221",241,"Morgan St & Polk St","Chicago ",41.871737,-87.65103,19,"8/21/2013 11:57",NA,14497,14370,179.21546296935,29.7362385321101,0.785084259591251,0.94881699661999
"222",242,"Damen Ave & Leland Ave","Chicago ",41.967094,-87.679028,15,"8/21/2013 16:08",NA,5528,5111,160.301181862036,36.9349169563538,0.7067028283611,0.91931982633864
"223",243,"Lincoln Ave & Leavitt St","Chicago ",41.962391,-87.684146,15,"8/21/2013 16:45",NA,4468,4681,164.210746792002,37.8815050085511,0.712288447387785,0.898612354521038
"224",244,"Ravenswood Ave & Irving Park Rd","Chicago",41.95469,-87.67393,19,"8/22/2013 9:49",NA,4497,4871,169.822140686384,34.9258103241295,0.744023182806085,0.896597731821214
"225",245,"Clarendon Ave & Junior Ter","Chicago",41.961004,-87.649603,23,"8/22/2013 11:01",NA,5002,5421,159.887681594029,35.1514762516047,0.661863098301596,0.721111555377849
"226",246,"Ashland Ave & Belle Plaine Ave","Chicago",41.956061,-87.668869,11,"8/22/2013 12:47",NA,1444,1301,163.709325946445,35.4392884764115,0.673627223511214,0.870498614958449
"227",247,"Shore Dr & 55th St","Chicago",41.795212,-87.580715,19,"8/22/2013 12:50",NA,7512,7598,158.64898828541,36.5549344978167,0.609380469023451,0.726970181043664
"228",248,"Woodlawn Ave & 55th St","Chicago",41.795264,-87.596471,19,"8/22/2013 14:31",NA,3488,3344,156.369777331804,33.7147020725388,0.70855091383812,0.865825688073395
"229",249,"Montrose Harbor","Chicago",41.963982,-87.638181,31,"8/22/2013 17:09",NA,12888,13096,131.854797744672,34.9373005964767,0.625469728601253,0.473774053382992
"230",250,"Ashland Ave & Wellington Ave","Chicago",41.936083,-87.669807,19,"8/23/2013 9:09",NA,3334,3699,159.635927814437,36.7988185100098,0.67422748191979,0.890821835632873
"231",251,"Clarendon Ave & Leland Ave","Chicago",41.967968,-87.650001,15,"8/26/2013 11:52",NA,3817,3856,143.204060780718,36.7722708130871,0.798959011060507,0.771024364684307
"232",252,"Greenwood Ave & 47th St","Chicago",41.809835,-87.599383,15,"8/26/2013 14:33",NA,1353,1296,194.135452081794,34.5834797891036,0.673989455184534,0.81670362158167
"233",253,"Clifton Ave & Lawrence Ave","Chicago",41.968812,-87.657659,15,"8/31/2013 8:58",NA,4411,4391,174.805150003778,35.6542485327889,0.697405599794503,0.860802539106779
"234",254,"Pine Grove Ave & Irving Park Rd","Chicago",41.954383,-87.648043,15,"8/31/2013 9:03",NA,9755,9516,143.869694173928,35.982729671384,0.692335459030201,0.822757560225525
"235",255,"Indiana Ave & Roosevelt Rd","Chicago",41.867888,-87.623041,39,"8/31/2013 10:38",NA,20165,19211,166.650667823787,38.5179205233489,0.683142777467931,0.661145549218944
"236",256,"Broadway & Sheridan Rd","Chicago",41.952833,-87.649993,15,"8/31/2013 11:54",NA,5920,5616,154.667271959459,34.4100249663913,0.712718876274774,0.845945945945946
"237",257,"Lincoln Ave & Waveland Ave","Chicago",41.948797,-87.675278,15,"8/31/2013 12:17",NA,3467,3872,155.642765118739,35.819687798662,0.625876354365838,0.890106720507644
"238",258,"Logan Blvd & Elston Ave","Chicago",41.930584,-87.685126,19,"8/31/2013 14:15",NA,3977,4215,171.365317240801,34.0357241000274,0.718026460859978,0.895901433241137
"239",259,"California Ave & Francis Pl","Chicago",41.918121,-87.696972,15,"9/3/2013 9:39",NA,3355,3316,145.398186785892,32.2217768871076,0.721680672268908,0.864381520119225
"240",260,"Kedzie Ave & Milwaukee Ave","Chicago",41.929567,-87.707857,27,"9/3/2013 12:41",NA,9460,10213,146.50903453136,33.7992628992629,0.724330357142857,0.820824524312896
"241",261,"Hermitage Ave & Polk St","Chicago",41.871514,-87.669886,15,"9/3/2013 13:15",NA,6080,6096,185.190268640351,35.5014492753623,0.664390576988733,0.958059210526316
"242",262,"Halsted St & 37th St","Chicago",41.827059,-87.64572,11,"9/3/2013 13:18",NA,532,581,111.060745614035,38.3755656108597,0.796380090497738,0.889097744360902
"243",263,"Rhodes Ave & 32nd St","Chicago",41.836208,-87.613533,11,"9/3/2013 13:47",NA,1773,1764,145.201898853168,28.4679728711378,0.778867924528302,0.726452340665539
"244",264,"Stetson Ave & South Water St","Chicago",41.886835,-87.62232,19,"9/3/2013 15:12",NA,13396,10887,184.957431322783,38.2801882755671,0.821434700532006,0.848163630934607
"245",265,"Cottage Grove Ave & Oakwood Blvd","Chicago",41.822985,-87.6071,15,"9/3/2013 17:01",NA,1002,1064,141.275981370592,34.483552631579,0.745454545454545,0.541916167664671
"246",267,"Lake Park Ave & 47th St","Chicago",41.809443,-87.591875,15,"9/4/2013 15:57",NA,1526,1657,133.438346439493,37.3877755511021,0.680485338725986,0.617300131061599
"247",268,"Lake Shore Dr & North Blvd","Chicago",41.911722,-87.626804,39,"9/5/2013 9:48",NA,31203,36194,130.396609834524,33.2067115563584,0.641352063213345,0.502804217543185
"248",270,"Stony Island Ave & 75th St","Chicago",41.75866967,-87.58688287,11,"9/5/2013 14:16",NA,204,211,161.973039215686,43.6031746031747,0.577540106951872,0.892156862745098
"249",271,"Cottage Grove Ave & 43rd St","Chicago",41.816499,-87.606582,11,"9/9/2013 16:33",NA,497,578,145.573407109323,30.9176201372998,0.67816091954023,0.804828973843058
"250",272,"Indiana Ave & 31st St","Chicago",41.838842,-87.621857,11,"9/9/2013 16:51",NA,3962,3821,154.22057883224,29.5582706766918,0.724625850340136,0.932104997476022
"251",273,"Michigan Ave & 18th St","Chicago",41.857813,-87.62455,23,"9/10/2013 9:13",NA,9412,9885,186.270479175521,36.1462264150944,0.722773475314618,0.85550361240969
"252",274,"Racine Ave & 15th St","Chicago",41.861267,-87.656625,15,"9/10/2013 10:45",NA,2556,2541,175.75787037037,32.4701459531182,0.702212389380531,0.872848200312989
"253",275,"Ashland Ave & 13th St","Chicago",41.865234,-87.666507,15,"9/10/2013 12:20",NA,2261,2616,180.589901223647,33.3505535055351,0.762014787430684,0.951348960636886
"254",276,"California Ave & North Ave","Chicago",41.91044,-87.6972,11,"9/10/2013 14:24",NA,2356,2498,153.735773910583,32.7286432160804,0.649193548387097,0.809847198641766
"255",277,"Ashland Ave & Grand Ave","Chicago",41.891072,-87.666611,15,"9/10/2013 14:57",NA,3970,4276,188.774979009236,33.0163028460902,0.699141987268198,0.899496221662469
"256",278,"Wallace St & 35th St","Chicago",41.830629,-87.64129,15,"9/10/2013 15:57",NA,1689,1711,117.604706927176,32.3762886597938,0.866537717601547,0.914742451154529
"257",279,"Halsted St & 35th St (*)","Chicago",41.830661,-87.647172,16,"9/11/2013 9:17",NA,1212,1355,156.332439493949,31.7386934673366,0.822539949537426,0.933993399339934
"258",280,"Morgan St & 31st St","Chicago",41.8378,-87.65114,11,"9/11/2013 11:50",NA,1645,1827,147.229493414387,30.8113730929265,0.795374912403644,0.852887537993921
"259",281,"Western Ave & 24th St","Chicago",41.84847,-87.685109,11,"9/11/2013 12:09",NA,599,627,122.658041179744,36.7459749552772,0.831842576028623,0.911519198664441
"260",282,"Halsted St & Maxwell St","Chicago",41.864883,-87.647071,15,"9/11/2013 14:02",NA,6381,6741,178.577163976388,31.3303804064617,0.761251086012163,0.879485973985269
"261",283,"LaSalle St & Jackson Blvd","Chicago",41.87817,-87.631985,35,"9/11/2013 15:53",NA,27665,25860,174.250077113079,39.6252679938743,0.866817328685793,0.929875293692391
"262",284,"Michigan Ave & Jackson Blvd","Chicago",41.87785,-87.62408,23,"9/12/2013 9:21",NA,14263,14441,157.893679450326,38.2165354330709,0.731977425194335,0.608707845474304
"263",285,"Wood St & Hubbard St","Chicago",41.889587,-87.671956,19,"9/12/2013 10:22",NA,3742,3858,169.725779440584,35.6913803496082,0.708295625942685,0.863442009620524
"264",286,"Franklin St & Quincy St","Chicago",41.878724,-87.634793,23,"9/12/2013 12:08",NA,12987,12063,173.574946741613,37.657184474338,0.862346790091712,0.874566874566875
"265",287,"Franklin St & Monroe St","Chicago",41.880317,-87.635185,27,"9/12/2013 14:19",NA,33125,28499,171.274452327044,35.5890113452188,0.824943237106714,0.912754716981132
"266",288,"Larrabee St & Armitage Ave","Chicago",41.918084,-87.643749,11,"9/12/2013 15:23",NA,6728,6405,152.25195451843,33.1137578998541,0.64321608040201,0.870243757431629
"267",289,"Wells St & Concord Ln","Chicago",41.912133,-87.634656,19,"9/13/2013 9:46",NA,20963,21725,174.054949991254,32.6244297751302,0.643866530546451,0.854123932643229
"268",290,"Kedzie Ave & Palmer Ct","Chicago",41.921525,-87.707322,15,"9/13/2013 10:50",NA,3692,3629,143.921013903936,34.5722928009679,0.777981091796279,0.865655471289274
"269",291,"Wells St & Evergreen Ave","Chicago",41.906724,-87.63483,19,"9/13/2013 12:11",NA,12672,12664,184.148424347643,32.894124117701,0.719765094512755,0.821575126262626
"270",292,"Southport Ave & Clark St","Chicago",41.957081,-87.664199,11,"9/13/2013 14:55",NA,2714,2417,163.533916728077,37.8962571196093,0.692871690427699,0.8861459100958
"271",293,"Broadway & Wilson Ave","Chicago",41.965221,-87.658139,15,"9/17/2013 14:59",NA,5941,6329,167.52422151153,35.5282013595445,0.724074415177749,0.893788924423498
"272",294,"Broadway & Berwyn Ave","Chicago",41.978353,-87.659753,15,"9/17/2013 15:42",NA,5529,5987,156.03497618617,36.4795297932712,0.735749185667752,0.865798516910834
"273",295,"Broadway & Argyle St","Chicago",41.973815,-87.65966,15,"9/17/2013 17:38",NA,4907,5181,168.866435704096,35.5937856979667,0.762940907008704,0.863052781740371
"274",296,"Broadway & Belmont Ave","Chicago",41.940106,-87.645451,19,"9/17/2013 17:48",NA,10554,12440,150.544577095572,32.6518894529047,0.711375212224109,0.806897858631798
"275",297,"Paulina St & Montrose Ave","Chicago",41.961507,-87.671387,15,"9/18/2013 11:00",NA,2608,2544,170.902952453988,36.8731182795698,0.649160568230736,0.87308282208589
"276",298,"Lincoln Ave & Belle Plaine Ave","Chicago",41.955927,-87.679259,15,"9/18/2013 11:51",NA,4048,4456,165.627725625823,37.5374862183021,0.68019884009942,0.87302371541502
"277",299,"Halsted St & Roscoe St","Chicago",41.94367,-87.64895,15,"9/18/2013 14:50",NA,11605,11601,153.966823208387,32.5097451274362,0.755281866426354,0.820077552778975
"278",300,"Broadway & Barry Ave","Chicago",41.937725,-87.644095,19,"9/18/2013 15:13",NA,15840,16793,152.676128998316,32.4357287449393,0.679794396582929,0.829356060606061
"279",301,"Clark St & Schiller St","Chicago",41.907993,-87.631501,19,"9/18/2013 16:18",NA,12117,11130,172.536961844241,37.1312744915097,0.663116591928251,0.855079640174961
"280",302,"Sheffield Ave & Wrightwood Ave","Chicago",41.928712,-87.653833,19,"9/18/2013 16:55",NA,7634,7624,156.044939306611,30.6533394607843,0.77610101632276,0.822504584752423
"281",303,"Broadway & Cornelia Ave","Chicago",41.945529,-87.646439,23,"9/19/2013 9:39",NA,11231,11370,148.717800433324,34.4191754956466,0.71043771043771,0.81738046478497
"282",304,"Broadway & Waveland Ave","Chicago",41.949074,-87.648636,15,"9/19/2013 12:10",NA,9141,9713,156.859479269227,35.6592992590731,0.730148726997731,0.840061262443934
"283",305,"Western Ave & Division St","Chicago",41.902893,-87.687275,15,"9/19/2013 12:55",NA,4659,4983,137.815006796881,32.5255248091603,0.696330055169105,0.870787722687272
"284",306,"Sheridan Rd & Buena Ave","Chicago",41.958494,-87.654966,19,"9/19/2013 15:36",NA,4716,4680,148.445540005655,34.9329634766527,0.708998380754106,0.889525021204411
"285",307,"Southport Ave & Clybourn Ave","Chicago",41.920771,-87.663712,15,"9/19/2013 16:30",NA,7512,8253,173.481671547746,33.1074752763234,0.7444670937682,0.884318423855165
"286",308,"Seeley Ave & Roscoe St","Chicago",41.943403,-87.679618,11,"9/19/2013 16:55",NA,3095,3100,156.818966074313,35.1688311688313,0.719393282773565,0.855896607431341
"287",309,"Leavitt St & Armitage Ave","Chicago",41.917805,-87.682437,11,"9/19/2013 17:19",NA,3863,3604,124.024380878419,36.220801859384,0.702820587380052,0.865648459746311
"288",310,"Damen Ave & Charleston St","Chicago",41.920082,-87.677855,11,"9/19/2013 17:59",NA,4106,4091,157.252975320669,33.894133697135,0.751521859435529,0.864831953239162
"289",311,"Leavitt St & Lawrence Ave","Chicago",41.968885,-87.684001,19,"9/20/2013 9:23",NA,2520,2238,152.440575396825,36.7272727272727,0.726221079691517,0.909126984126984
"290",312,"Clarendon Ave & Gordon Ter","Chicago",41.957879,-87.649519,15,"9/20/2013 9:45",NA,7388,7368,156.201240750767,34.7695485845447,0.70246667688065,0.855847319978343
"291",313,"Lakeview Ave & Fullerton Pkwy","Chicago",41.925858,-87.638973,19,"9/20/2013 10:42",NA,13453,14060,141.278253921059,32.7543421936475,0.668203650336215,0.724522411358061
"292",314,"Ravenswood Ave & Berteau Ave","Chicago",41.957921,-87.673567,15,"9/20/2013 11:56",NA,3885,3619,177.806795366795,34.703266538567,0.724951962668131,0.924581724581725
"293",315,"Elston Ave & Wabansia Ave","Chicago",41.912919,-87.664169,23,"9/20/2013 12:38",NA,2598,2710,163.37160636387,38.0308204914618,0.779074614422676,0.900307929176289
"294",316,"Damen Ave & Sunnyside Ave","Chicago",41.96325,-87.679258,19,"9/20/2013 14:22",NA,2254,2372,148.825591540964,38.3470673776055,0.630403108305002,0.880656610470275
"295",317,"Wood St & Taylor St","Chicago",41.869154,-87.671045,23,"9/20/2013 14:44",NA,5987,6040,178.297374867769,34.5394533264569,0.634658406470487,0.962418573576082
"296",318,"Southport Ave & Irving Park Rd","Chicago",41.954177,-87.664358,15,"9/20/2013 14:56",NA,4837,4753,164.795758390187,35.4317862165963,0.750176761725194,0.854661980566467
"297",319,"Greenview Ave & Diversey Pkwy","Chicago",41.932595,-87.665939,15,"9/20/2013 15:20",NA,3689,3743,159.856166982922,34.373040752351,0.764353312302839,0.834914611005693
"298",320,"Loomis St & Lexington St","Chicago",41.872187,-87.661501,19,"9/20/2013 16:26",NA,11610,10738,168.967128911858,28.4427069290914,0.720158316092471,0.950301464254953
"299",321,"Wabash Ave & 9th St","Chicago",41.870769,-87.625734,19,"9/20/2013 16:37",NA,12223,11740,181.707344078104,37.8288926681785,0.737987135830496,0.835146854291091
"300",322,"Kimbark Ave & 53rd St","Chicago",41.799568,-87.594747,19,"9/20/2013 16:51",NA,7704,8017,172.194606697819,30.2817933611152,0.764266206698289,0.879283489096573
"301",323,"Sheridan Rd & Lawrence Ave","Chicago",41.969517,-87.654691,15,"9/21/2013 11:30",NA,3441,3642,161.017523975588,34.460643394935,0.740894901144641,0.830281894798024
"302",324,"Stockton Dr & Wrightwood Ave","Chicago",41.93132,-87.638742,15,"9/21/2013 11:55",NA,10125,10813,124.070798353909,33.2960509554141,0.601772184409914,0.734617283950617
"303",325,"Clark St & Winnemac Ave","Chicago",41.973345,-87.667682,19,"9/23/2013 9:59",NA,5966,5917,157.001963906582,36.1946431847368,0.715337875161112,0.892893060677171
"304",326,"Clark St & Leland Ave","Chicago",41.967096,-87.667429,19,"9/23/2013 15:02",NA,4664,4259,156.119210977702,35.6272273699217,0.727706247019552,0.880145797598628
"305",327,"Sheffield Ave & Webster Ave","Chicago",41.92154,-87.653818,19,"9/23/2013 15:05",NA,11404,11667,160.936427276979,31.4224078624079,0.698957513768686,0.866450368291827
"306",328,"Ellis Ave & 58th St","Chicago",41.788746,-87.601334,19,"9/25/2013 9:38",NA,6008,5982,171.374983355526,32.2132457386363,0.683785239719878,0.921105193075899
"307",329,"Lake Shore Dr & Diversey Pkwy","Chicago",41.932684,-87.63625,15,"9/25/2013 9:49",NA,11034,11136,127.193838740862,35.7576653121537,0.670656465942744,0.69394598513685
"308",330,"Lincoln Ave & Addison St","Chicago",41.946176,-87.673308,19,"9/25/2013 13:25",NA,2044,2240,151.69060665362,36.2456046883324,0.743589743589744,0.884050880626223
"309",331,"Halsted St & Blackhawk St (*)","Chicago",41.908537,-87.648627,20,"9/25/2013 13:55",NA,13469,14178,188.935405994011,33.6673950719614,0.746568109820486,0.945652980919148
"310",332,"Halsted St & Diversey Pkwy","Chicago",41.933666,-87.648959,19,"9/25/2013 15:35",NA,7488,8349,150.643124554843,32.2777291301809,0.704087591240876,0.886351495726496
"311",333,"Ashland Ave & Blackhawk St","Chicago",41.907066,-87.667252,15,"9/25/2013 16:37",NA,6925,6803,157.408632972322,30.9532858273951,0.784593437945792,0.892129963898917
"312",334,"Lake Shore Dr & Belmont Ave","Chicago",41.940775,-87.639192,19,"9/26/2013 10:16",NA,13189,13553,122.959775823287,33.3757901390645,0.663536611099388,0.659261505800288
"313",335,"Calumet Ave & 35th St","Chicago",41.831379,-87.618034,15,"9/26/2013 10:33",NA,968,997,155.589135674931,31.3887614678899,0.74052812858783,0.87396694214876
"314",336,"Cottage Grove Ave & 47th St","Chicago",41.809855,-87.606755,15,"9/26/2013 11:04",NA,845,807,193.708816568047,31.8825966850829,0.757322175732218,0.82603550295858
"315",337,"Clark St & Chicago Ave","Chicago",41.896544,-87.630931,19,"9/26/2013 15:53",NA,10827,9985,170.973581478403,33.6955651532708,0.720976950729541,0.843262214833287
"316",338,"Calumet Ave & 18th St","Chicago",41.857611,-87.619407,15,"9/26/2013 15:59",NA,7590,8213,150.370854194115,39.0937601034593,0.716413078666235,0.740052700922266
"317",339,"Emerald Ave & 31st St","Chicago",41.838198,-87.645143,11,"9/27/2013 12:26",NA,2868,3214,174.568258949326,31.2373718192175,0.774980930587338,0.911087866108787
"318",340,"Clark St & Wrightwood Ave","Chicago",41.929546,-87.643118,15,"10/1/2013 11:35",NA,15237,15302,155.893179978561,31.1734595754124,0.672194255256145,0.853055063332677
"319",341,"Adler Planetarium","Chicago",41.866095,-87.607267,39,"10/3/2013 12:01",NA,14953,14146,117.473860317885,36.2349923037455,0.676273803396809,0.307697452016318
"320",342,"Wolcott Ave & Polk St","Chicago",41.871262,-87.673688,15,"10/3/2013 15:04",NA,9389,9032,182.694195334966,35.6374931280923,0.759920195078697,0.961976781339866
"321",343,"Racine Ave & Wrightwood Ave","Chicago",41.928887,-87.658971,15,"10/3/2013 15:54",NA,4956,4657,145.129543314501,31.3847664775208,0.688510266491918,0.909200968523002
"322",344,"Ravenswood Ave & Lawrence Ave","Chicago",41.96909,-87.674237,39,"10/3/2013 16:21",NA,14037,14071,180.394766213103,37.9931599518941,0.769765158951899,0.930896915295291
"323",345,"Lake Park Ave & 56th St","Chicago",41.793242,-87.587782,19,"10/4/2013 11:37",NA,4522,4719,163.259818664308,38.9577963103361,0.784755634337807,0.848518354710305
"324",346,"Ada St & Washington Blvd","Chicago",41.88283,-87.661206,15,"10/4/2013 14:37",NA,7811,7636,190.13023513848,35.4477713047013,0.727618014107434,0.926385866086289
"325",347,"Ashland Ave & Grace St","Chicago",41.950687,-87.6687,15,"10/4/2013 16:06",NA,4258,4091,159.638351338657,36.3488250652742,0.697413117324275,0.874354156881165
"326",348,"California Ave & 21st St","Chicago",41.854016,-87.695445,15,"10/9/2013 16:13",NA,973,1040,120.163943131209,40.2525252525252,0.666292134831461,0.89311408016444
"327",349,"Halsted St & Wrightwood Ave","Chicago",41.929143,-87.649077,15,"10/10/2013 12:40",NA,9250,9111,139.361354954955,31.8209718670078,0.72098404579223,0.866486486486487
"328",350,"Ashland Ave & Chicago Ave","Chicago",41.895966,-87.667747,15,"10/10/2013 14:22",NA,6521,6849,183.898900986556,32.3218603089322,0.74260752688172,0.890660941573378
"329",351,"Cottage Grove Ave & 51st St","Chicago",41.803038,-87.606615,15,"10/10/2013 16:56",NA,703,657,181.991488857278,29.9933444259568,0.57,0.80796586059744
"330",352,"Jeffery Blvd & 67th St","Chicago",41.77351755,-87.57714283,15,"10/28/2013 13:24",NA,451,448,154.719216555802,35.6833976833977,0.416988416988417,0.53880266075388
"331",353,"Clark St & Touhy Ave","Chicago",42.01256012,-87.67436712,15,"12/31/2013 14:08",NA,459,458,147.869426289034,37.1439205955335,0.796019900497512,0.860566448801743
"332",354,"Sheridan Rd & Greenleaf Ave","Chicago",42.01058656,-87.66241209,15,"12/31/2013 14:09",NA,1748,1760,129.688033943555,36.9653647752395,0.717164179104478,0.748855835240275
"333",355,"South Shore Dr & 67th St","Chicago",41.773643,-87.567514,19,"1/9/2014 15:11",NA,713,641,132.855095839177,40.326710816777,0.752212389380531,0.586255259467041
"334",356,"Stony Island Ave & 71st St","Chicago",41.76649294,-87.58646088,11,"3/12/2014 12:27",NA,225,239,177.34962962963,39.3190184049079,0.475,0.68
"335",359,"Larrabee St & Division St","Chicago",41.90348607,-87.64335349,23,"4/22/2014 15:54",NA,9575,8838,186.250807658834,33.4940949352715,0.713164182500853,0.902245430809399
"336",364,"Larrabee St & Oak St","Chicago",41.90021949,-87.64298547,19,"1/30/2015 12:38",NA,9239,9412,193.556993902659,34.3907530019078,0.757667677789012,0.955731139733737
"337",365,"Halsted St & North Branch St","Chicago",41.89936844,-87.64847988,15,"1/30/2015 12:40",NA,2179,1957,187.799709346795,34.1910167818362,0.757650542941757,0.898118402937127
"338",366,"Loomis St & Archer Ave","Chicago",41.84163254,-87.65743495,15,"1/30/2015 12:43",NA,712,742,80.0589887640449,33.4689863842664,0.830559757942511,0.910112359550562
"339",367,"Racine Ave & 35th St","Chicago",41.83069611,-87.65597591,15,"1/30/2015 12:47",NA,672,784,175.256448412698,36.1499118165784,0.762411347517731,0.799107142857143
"340",368,"Ashland Ave & Archer Ave","Chicago",41.83920868,-87.66560986,15,"1/30/2015 12:51",NA,483,419,170.108764665286,32.5541871921182,0.824691358024691,0.821946169772257
"341",369,"Wood St & 35th St","Chicago",41.83010465,-87.67029831,11,"1/30/2015 12:53",NA,428,497,147.633995327103,41.0710227272727,0.840909090909091,0.799065420560748
"342",370,"Calumet Ave & 21st St","Chicago",41.85418425,-87.61915374,15,"1/30/2015 13:02",NA,3371,3528,138.046682487887,38.4647006255586,0.70367054610564,0.549985167606052
"343",373,"Kedzie Ave & Chicago Ave","Chicago",41.8954653,-87.70612788,15,"1/30/2015 13:57",NA,634,798,161.103496319664,32.3169877408056,0.497354497354497,0.837539432176656
"344",374,"Western Ave & Walton St","Chicago",41.89841769,-87.68659602,19,"1/30/2015 13:58",NA,5964,6057,140.386957858261,34.0941637143389,0.712791783380019,0.876760563380282
"345",375,"Sacramento Blvd & Franklin Blvd","Chicago",41.889727,-87.70103,11,"1/30/2015 13:58",NA,483,459,166.015631469979,42.6789587852495,0.706521739130435,0.933747412008282
"346",376,"Artesian Ave & Hubbard St","Chicago",41.88949182,-87.68821936,35,"1/30/2015 13:59",NA,5306,3887,189.498306948109,40.5292344786017,0.870526739043024,0.923105917828873
"347",377,"Kedzie Ave & Lake St","Chicago",41.88460329,-87.70630374,19,"1/30/2015 13:59",NA,657,696,134.305606291223,40.5262267343485,0.695957820738137,0.87062404870624
"348",378,"California Ave & Lake St","Chicago",41.88445396,-87.69629814,15,"1/30/2015 14:00",NA,606,635,141.155418041804,37.6998011928429,0.563380281690141,0.805280528052805
"349",381,"Western Ave & Monroe St","Chicago",41.87978771,-87.68611281,15,"1/30/2015 14:22",NA,1077,1228,142.977127824203,33.0099557522124,0.81063122923588,0.812441968430826
"350",382,"Western Ave & Congress Pkwy","Chicago",41.87474885,-87.68644528,19,"1/30/2015 14:25",NA,1754,1692,165.381071835804,35.5246636771301,0.834080717488789,0.856328392246294
"351",383,"Ashland Ave & Harrison St","Chicago",41.874293,-87.667284,23,"1/30/2015 14:28",NA,4808,4750,201.34748682751,37.7591936198494,0.604661487236404,0.928036605657238
"352",384,"Halsted St & 51st St","Chicago",41.80183164,-87.6452139,11,"1/30/2015 14:37",NA,48,45,157.972916666667,37.9375,0.625,0.645833333333333
"353",385,"Princeton Ave & Garfield Blvd","Chicago",41.794982,-87.633124,11,"1/30/2015 14:37",NA,379,338,212.086279683377,38.5401662049862,0.689265536723164,0.941952506596306
"354",386,"Halsted St & 56th St","Chicago",41.79292965,-87.64499006,11,"1/30/2015 14:38",NA,66,66,159.022474747475,39.593220338983,0.779661016949153,0.848484848484849
"355",388,"Halsted St & 63rd St","Chicago",41.77938114,-87.64462081,15,"1/30/2015 14:41",NA,384,408,167.618229166667,31.4325842696628,0.43342776203966,0.895833333333333
"356",390,"Wentworth Ave & 63rd St","Chicago",41.78007963,-87.62974631,11,"1/30/2015 14:42",NA,246,167,189.318495934959,29.4722222222222,0.627906976744186,0.861788617886179
"357",391,"Halsted St & 69th St","Chicago",41.76906172,-87.64461358,11,"1/30/2015 14:42",NA,173,177,160.131888246628,32.0961538461538,0.564102564102564,0.878612716763006
"358",392,"Perry Ave & 69th St","Chicago",41.76929309,-87.62819593,11,"1/30/2015 14:43",NA,135,134,183.484938271605,34.2966101694915,0.641025641025641,0.851851851851852
"359",393,"Calumet Ave & 71st St","Chicago",41.76550801,-87.61691793,11,"1/30/2015 14:45",NA,47,46,147.431914893617,36.7333333333333,0.4,0.617021276595745
"360",394,"Clark St & 9th St (AMLI)","Chicago",41.870816,-87.631246,15,"1/30/2015 15:11",NA,4283,4600,188.084847069811,33.5508188198596,0.797135416666667,0.872986224608919
"361",395,"Jeffery Blvd & 76th St","Chicago",41.75712007,-87.57583936,11,"1/30/2015 17:30",NA,131,133,162.452544529262,35.0804597701149,0.379310344827586,0.595419847328244
"362",396,"Yates Blvd & 75th St","Chicago",41.758768,-87.56644,11,"1/30/2015 17:30",NA,103,131,171.888996763754,34.6842105263158,0.842105263157895,0.776699029126214
"363",397,"Saginaw Ave & Exchange Ave","Chicago",41.75874584,-87.56011478,11,"1/30/2015 17:31",NA,244,288,140.433401639344,47.9918032786886,0.971311475409836,0.967213114754098
"364",398,"Rainbow Beach","Chicago",41.75787145,-87.54938625,15,"1/30/2015 17:31",NA,168,155,111.477182539683,39.0412371134021,0.793814432989691,0.535714285714286
"365",399,"South Shore Dr & 74th St","Chicago",41.76218896,-87.55927465,11,"1/30/2015 17:31",NA,512,512,126.842805989583,48.4704491725768,0.983412322274882,0.8125
"366",400,"Cottage Grove Ave & 71st St","Chicago",41.76571904,-87.60495971,11,"1/30/2015 17:32",NA,63,63,149.450793650794,36.0961538461538,0.470588235294118,0.682539682539683
"367",401,"Shields Ave & 28th Pl","Chicago",41.842733,-87.635491,11,"1/30/2015 17:37",NA,1030,1131,169.412540453074,32.4808743169399,0.662650602409639,0.870873786407767
"368",402,"Shields Ave & 31st St","Chicago",41.838464,-87.635406,15,"1/30/2015 17:37",NA,2140,2133,158.238442367601,27.6427473090723,0.825641025641026,0.894859813084112
"369",403,"Wentworth Ave & 33rd St","Chicago",41.83452989,-87.63182298,15,"1/30/2015 17:37",NA,1540,1653,158.378766233766,30.8644428672817,0.748579545454545,0.900649350649351
"370",405,"Wentworth Ave & 35th St","Chicago",41.830777,-87.632504,15,"1/30/2015 17:38",NA,1439,1462,156.887769284225,36.2263843648209,0.797872340425532,0.820013898540653
"371",406,"Lake Park Ave & 35th St","Chicago",41.83127424,-87.60879919,19,"1/30/2015 17:38",NA,1731,1799,126.813604852686,38.624053030303,0.725975261655566,0.573079145002888
"372",407,"State St & Pershing Rd","Chicago",41.82301524,-87.62656802,11,"1/30/2015 17:38",NA,164,179,105.848272357724,42.1400000000001,0.886666666666667,0.896341463414634
"373",408,"Union Ave & Root St","Chicago",41.819102,-87.643278,11,"1/30/2015 17:39",NA,363,402,227.495867768595,29.9883720930231,0.956395348837209,0.939393939393939
"374",409,"Shields Ave & 43rd St","Chicago",41.81620768,-87.63481935,11,"1/30/2015 17:39",NA,35,32,158.077619047619,30.6842105263158,0.736842105263158,0.4
"375",410,"Prairie Ave & 43rd St","Chicago",41.81665889,-87.61941246,15,"1/30/2015 17:39",NA,392,497,156.807993197279,33.1162162162161,0.774011299435028,0.811224489795918
"376",411,"Halsted St & 47th Pl","Chicago",41.80813391,-87.64561655,11,"1/30/2015 17:40",NA,240,270,140.464861111111,43.0405405405406,0.828828828828829,0.920833333333333
"377",412,"Princeton Ave & 47th St","Chicago",41.80931771,-87.63344929,11,"1/30/2015 17:40",NA,366,239,159.2779143898,39.3638888888888,0.808333333333333,0.931693989071038
"378",413,"Woodlawn Ave & Lake Park Ave","Chicago",41.81409271,-87.59700515,15,"1/30/2015 17:40",NA,1010,1026,158.257574257426,42.4282407407406,0.752625437572929,0.797029702970297
"379",414,"Canal St & Taylor St","Chicago",41.870257,-87.639474,15,"1/30/2015 17:40",NA,7620,7316,174.712502187227,37.0182714617169,0.825373784293802,0.87992125984252
"380",415,"Calumet Ave & 51st St","Chicago",41.80229465,-87.61805358,15,"1/30/2015 17:41",NA,541,511,184.416913123845,31.6829268292684,0.773333333333333,0.813308687615527
"381",416,"Dorchester Ave & 49th St","Chicago",41.805772,-87.592464,15,"1/30/2015 17:42",NA,760,791,179.538026315789,37.8438485804415,0.452681388012618,0.813157894736842
"382",417,"Cornell Ave & Hyde Park Blvd","Chicago",41.802406,-87.586924,19,"1/30/2015 17:42",NA,5193,5029,184.916165992682,32.152380952381,0.628012048192771,0.735220489119969
"383",418,"Ellis Ave & 53rd St","Chicago",41.79933626,-87.60095811,11,"1/30/2015 17:42",NA,4179,4102,150.371540240887,30.1677018633541,0.652432712215321,0.914812156018186
"384",419,"Lake Park Ave & 53rd St","Chicago",41.79949429,-87.5864499,15,"1/30/2015 17:42",NA,3859,4081,170.534641962512,34.5180430256767,0.679091231806887,0.703291008033169
"385",420,"Ellis Ave & 55th St","Chicago",41.79430062,-87.60144977,19,"1/30/2015 17:43",NA,7944,7879,158.216796743874,28.0277815058382,0.703101920236337,0.915659617321249
"386",421,"MLK Jr Dr & 56th St (*)","Chicago",41.79342946,-87.61585326,12,"1/30/2015 17:43",NA,301,233,159.812403100775,34.687074829932,0.779310344827586,0.920265780730897
"387",422,"DuSable Museum","Chicago",41.79156801,-87.60785218,15,"1/30/2015 17:43",NA,582,542,156.018900343643,37.0143149284254,0.770491803278688,0.809278350515464
"388",423,"University Ave & 57th St","Chicago",41.791478,-87.599861,27,"1/30/2015 17:44",NA,11693,11828,173.780247441489,29.176793523774,0.734389561975769,0.904558282733259
"389",424,"Museum of Science and Industry","Chicago",41.79172821,-87.58394501,27,"1/30/2015 17:44",NA,3498,3604,152.826467505241,36.0020366598778,0.665986394557823,0.307890222984563
"390",425,"Harper Ave & 59th St","Chicago",41.78794281,-87.58831517,15,"1/30/2015 17:44",NA,2788,2452,170.152211860354,37.5231259968102,0.763083164300203,0.872309899569584
"391",426,"Ellis Ave & 60th St","Chicago",41.78509715,-87.60107276,19,"1/30/2015 17:45",NA,7898,7661,165.597940406854,24.0622234142415,0.696941239602898,0.919599898708534
"392",427,"Cottage Grove Ave & 63rd St","Chicago",41.78059901,-87.60611239,19,"1/30/2015 17:45",NA,717,713,170.577522082752,31.1316998468606,0.848392036753446,0.889818688981869
"393",428,"Dorchester Ave & 63rd St","Chicago",41.78040565,-87.59141599,15,"1/30/2015 17:45",NA,463,450,179.781137508999,37.6300940438871,0.635220125786163,0.669546436285097
"394",429,"Cottage Grove Ave & 67th St","Chicago",41.77372095,-87.60563486,11,"1/30/2015 17:46",NA,250,284,166.161066666667,38.3574660633485,0.51131221719457,0.872
"395",430,"MLK Jr Dr & 63rd St","Chicago",41.78008064,-87.61594286,15,"1/30/2015 17:46",NA,113,124,178.069911504425,33.3,0.766666666666667,0.734513274336283
"396",431,"Eberhart Ave & 61st St","Chicago",41.78414169,-87.61330783,11,"1/30/2015 17:46",NA,210,222,172.128968253968,32.1459459459459,0.572972972972973,0.852380952380952
"397",432,"Clark St & Lunt Ave","Chicago",42.009074,-87.67419,19,"2/2/2015 11:32",NA,3097,3211,164.440097944247,41.41689373297,0.779446910208262,0.93735873425896
"398",433,"Kedzie Ave & Harrison St","Chicago",41.87359967,-87.70487075,11,"2/10/2015 11:47",NA,69,82,133.006763285024,34.6875,0.8125,0.695652173913043
"399",434,"Ogden Ave & Roosevelt Rd","Chicago",41.86650148,-87.68469707,19,"2/10/2015 11:47",NA,2160,2331,177.163827160494,28.8078985860557,0.725365853658537,0.931481481481481
"400",435,"Kedzie Ave & Roosevelt Rd","Chicago",41.86649278,-87.70649618,15,"2/10/2015 11:48",NA,146,171,115.577054794521,34.2357723577236,0.83739837398374,0.815068493150685
"401",436,"Fairfield Ave & Roosevelt Rd","Chicago",41.866624,-87.694521,15,"2/10/2015 11:48",NA,450,450,79.3874074074074,44.4467532467534,0.861618798955614,0.851111111111111
"402",437,"Washtenaw Ave & Ogden Ave (*)","Chicago",41.861894,-87.693511,20,"2/10/2015 11:48",NA,1127,1222,130.422448979592,33.5538599640934,0.717371737173717,0.922803904170364
"403",438,"Central Park Ave & Ogden Ave","Chicago",41.85420431,-87.71540584,15,"2/10/2015 11:49",NA,246,268,147.572628726287,33.3144329896907,0.735751295336788,0.752032520325203
"404",439,"Kedzie Ave & 21st St","Chicago",41.85353363,-87.70507303,11,"2/10/2015 11:49",NA,453,408,144.132008830022,31.8784119106699,0.818858560794045,0.869757174392936
"405",440,"Lawndale Ave & 23rd St","Chicago",41.84988195,-87.71700039,11,"2/10/2015 11:49",NA,149,147,103.834004474273,39.1690140845071,0.943262411347518,0.939597315436242
"406",441,"Kedzie Ave & 24th St","Chicago",41.84819094,-87.70541375,11,"2/10/2015 11:50",NA,224,197,143.739508928571,36.6461538461538,0.928205128205128,0.852678571428571
"407",442,"California Ave & 23rd Pl","Chicago",41.84910969,-87.69513981,15,"2/10/2015 11:50",NA,898,918,107.77203043801,48.6806818181817,0.821590909090909,0.973273942093541
"408",443,"Millard Ave & 26th St","Chicago",41.84456685,-87.71591031,11,"2/10/2015 11:50",NA,352,372,129.089251893939,42.251633986928,0.849673202614379,0.869318181818182
"409",444,"Albany Ave & 26th St","Chicago",41.84447501,-87.70201301,11,"2/10/2015 11:50",NA,195,230,140.091196581197,36.5771428571429,0.828571428571429,0.887179487179487
"410",445,"California Ave & 26th St","Chicago",41.84404003,-87.69529592,11,"2/10/2015 11:51",NA,325,306,127.250102564103,38.1365187713311,0.822525597269625,0.889230769230769
"411",446,"Western Ave & 28th St","Chicago",41.84151771,-87.68513144,11,"2/10/2015 11:51",NA,193,174,182.904749568221,53.3563218390805,0.942528735632184,0.89119170984456
"412",447,"Glenwood Ave & Morse Ave","Chicago",42.00797192,-87.66550239,15,"2/10/2015 12:00",NA,3816,3989,150.77713137666,39.8601216333623,0.75284837861525,0.889150943396226
"413",448,"Warren Park East","Chicago",42.00454962,-87.68066615,15,"2/10/2015 14:02",NA,728,722,178.201007326007,42.8732876712329,0.484171322160149,0.796703296703297
"414",449,"Clark St & Columbia Ave","Chicago",42.00445063,-87.6724024,15,"2/10/2015 14:02",NA,1910,1729,140.947739965096,36.893523600439,0.774175824175824,0.934554973821989
"415",450,"Warren Park West","Chicago",42.001785,-87.688829,15,"2/10/2015 14:03",NA,568,674,130.371361502347,35.8780487804879,0.518518518518518,0.674295774647887
"416",451,"Sheridan Rd & Loyola Ave","Chicago",42.00104378,-87.66119824,15,"2/10/2015 14:03",NA,3830,4026,157.888207136641,37.0023171135385,0.728859979459089,0.745169712793734
"417",452,"Western Ave & Granville Ave","Chicago",41.99416137,-87.68943828,15,"2/10/2015 14:03",NA,569,712,159.05345635618,36.2459770114942,0.757505773672055,0.720562390158172
"418",453,"Clark St & Schreiber Ave","Chicago",41.99925182,-87.67137734,15,"2/10/2015 14:03",NA,1371,1478,157.190542183321,36.9011437908496,0.724137931034483,0.87235594456601
"419",454,"Broadway & Granville Ave","Chicago",41.99477969,-87.66028453,15,"2/10/2015 14:04",NA,4069,4334,158.020172851643,36.9647507145125,0.723165652034604,0.718604079626444
"420",455,"Maplewood Ave & Peterson Ave","Chicago",41.99023603,-87.69336964,15,"2/10/2015 14:04",NA,330,358,161.515909090909,38.3431734317344,0.604477611940298,0.806060606060606
"421",456,"2112 W Peterson Ave","Chicago",41.991178,-87.683593,15,"2/10/2015 14:04",NA,456,551,190.708735380117,43.2467866323907,0.621134020618557,0.809210526315789
"422",457,"Clark St & Elmdale Ave","Chicago",41.99089375,-87.6695834,19,"2/10/2015 14:04",NA,2117,2225,164.816170681782,39.898753894081,0.837669094693028,0.884742560226736
"423",458,"Broadway & Thorndale Ave","Chicago",41.98974251,-87.66014062,19,"2/10/2015 14:05",NA,3944,4305,154.694983941853,37.4704978488014,0.774382716049383,0.7776369168357
"424",459,"Lakefront Trail & Bryn Mawr Ave","Chicago",41.9840367,-87.65231047,19,"2/10/2015 14:05",NA,9004,9193,121.104105582704,36.4240811574921,0.690639078925413,0.585739671257219
"425",460,"Clark St & Bryn Mawr Ave","Chicago",41.983593,-87.669154,15,"2/10/2015 14:05",NA,4150,4423,167.085176706827,38.9065590838104,0.687747035573123,0.899036144578313
"426",461,"Broadway & Ridge Ave","Chicago",41.98404461,-87.66027383,15,"2/10/2015 14:05",NA,4044,4305,154.256272667326,36.154155881507,0.774407856730214,0.820474777448071
"427",462,"Ravenswood Ave & Balmoral Ave","Chicago",41.97977022,-87.67581473,15,"2/10/2015 14:06",NA,2202,2502,176.230843172873,36.4736842105262,0.718996062992126,0.89827429609446
"428",463,"Clark St & Berwyn Ave","Chicago",41.97799665,-87.6680471,19,"2/10/2015 14:06",NA,7269,7549,156.706142523043,36.1611806521403,0.717968628669048,0.860503508047875
"429",464,"Damen Ave & Foster Ave","Chicago",41.9756148,-87.67945904,15,"2/10/2015 14:06",NA,3375,3465,160.790454320988,37.5256827048115,0.762540716612378,0.880888888888889
"430",465,"Marine Dr & Ainslie St","Chicago",41.9716,-87.650154,23,"2/10/2015 14:06",NA,4333,4451,127.787156704362,37.1810029890403,0.717043941411451,0.63512577890607
"431",466,"Ridge Blvd & Touhy Ave","Chicago",42.01213228,-87.68291264,15,"2/10/2015 14:11",NA,719,693,161.475405656004,35.5568000000001,0.616,0.8442280945758
"432",467,"Western Ave & Lunt Ave","Chicago",42.0085944,-87.69049224,15,"2/10/2015 14:11",NA,1125,1140,159.1432,39.9175662414132,0.698724239450442,0.882666666666667
"433",468,"Budlong Woods Library","Chicago",41.98366471,-87.69642256,15,"2/10/2015 14:12",NA,447,511,175.368493661447,40.3932584269662,0.798270893371758,0.760626398210291
"434",469,"St. Louis Ave & Balmoral Ave","Chicago",41.98039423,-87.71611496,15,"2/10/2015 14:36",NA,845,761,144.082031558185,33.7528901734104,0.852387843704776,0.792899408284024
"435",470,"Kedzie Ave & Foster Ave","Chicago",41.975672,-87.709261,15,"2/10/2015 14:36",NA,904,923,158.191316371681,37.1060209424083,0.859210526315789,0.794247787610619
"436",471,"Francisco Ave & Foster Ave","Chicago",41.97563273,-87.70141944,15,"2/10/2015 14:36",NA,1412,1485,166.472155335222,42.3059440559441,0.621384750219106,0.786827195467422
"437",472,"Lincoln Ave & Winona St","Chicago",41.9749113,-87.69250256,15,"2/10/2015 14:36",NA,1408,1335,155.212393465909,37.4109375,0.85512920908379,0.884232954545455
"438",474,"Christiana Ave & Lawrence Ave","Chicago",41.96835449,-87.71183067,15,"2/10/2015 14:37",NA,1334,1483,155.399950024988,39.1860869565216,0.765013054830287,0.84407796101949
"439",475,"Washtenaw Ave & Lawrence Ave","Chicago",41.968987,-87.696027,15,"2/10/2015 14:38",NA,1673,1726,150.339380354652,37.3209302325581,0.7421926910299,0.88762701733413
"440",476,"Kedzie Ave & Leland Ave","Chicago",41.96668636,-87.70805198,15,"2/10/2015 14:38",NA,1382,1389,181.212373371925,36.2215239591517,0.681068342498036,0.894356005788712
"441",477,"Manor Ave & Leland Ave","Chicago",41.96631753,-87.70108268,11,"2/10/2015 14:38",NA,1008,1025,176.619196428571,37.5140291806958,0.696287964004499,0.862103174603175
"442",478,"Rockwell St & Eastwood Ave","Chicago",41.96590014,-87.69363849,15,"2/10/2015 14:38",NA,1939,2285,139.236376138903,41.176405119644,0.708959376739009,0.908200103145952
"443",479,"Drake Ave & Montrose Ave","Chicago",41.96115408,-87.71656907,15,"2/10/2015 14:38",NA,1373,1455,164.801772274824,40.4865718799367,0.78436018957346,0.909686817188638
"444",480,"Albany Ave & Montrose Ave","Chicago",41.961041,-87.705866,15,"2/10/2015 14:39",NA,751,926,152.930004438526,35.6904761904761,0.687125748502994,0.830892143808256
"445",481,"California Ave & Montrose Ave","Chicago",41.961068,-87.695439,15,"2/10/2015 14:39",NA,1261,1528,149.312212529738,39.3872889771599,0.725918570009931,0.781126090404441
"446",482,"Campbell Ave & Montrose Ave","Chicago",41.96152593,-87.69116504,15,"2/10/2015 14:39",NA,2274,2409,154.001744356494,37.6462459695992,0.784232365145228,0.946789797713281
"447",483,"Avondale Ave & Irving Park Rd","Chicago",41.953393,-87.732002,19,"2/10/2015 14:39",NA,1679,1633,155.326434385547,33.6867388362652,0.719322033898305,0.864800476474092
"448",484,"Monticello Ave & Irving Park Rd","Chicago",41.95400484,-87.71912818,15,"2/10/2015 14:39",NA,1210,1152,152.973512396694,33.4814814814815,0.651960784313726,0.828099173553719
"449",485,"Sawyer Ave & Irving Park Rd","Chicago",41.95358618,-87.7093108,15,"2/10/2015 14:40",NA,931,1039,122.457697815968,37.8801498127341,0.715,0.835660580021482
"450",486,"Oakley Ave & Irving Park Rd","Chicago",41.95434085,-87.68607962,15,"2/10/2015 14:40",NA,1895,2034,167.351055408971,38.0982248520711,0.727810650887574,0.854881266490765
"451",487,"California Ave & Byron St","Chicago",41.95216219,-87.69805111,19,"2/10/2015 14:40",NA,1305,1441,154.861711366539,37.5661424606847,0.819444444444444,0.779310344827586
"452",488,"Pulaski Rd & Eddy St","Chicago",41.94563644,-87.72773681,11,"2/10/2015 14:40",NA,443,545,137.626109857035,32.9607843137255,0.81638418079096,0.758465011286682
"453",489,"Drake Ave & Addison St","Chicago",41.947326,-87.717582,15,"2/10/2015 14:41",NA,1528,1517,153.960373036649,38.8728522336769,0.834938101788171,0.93848167539267
"454",490,"Troy St & Elston Ave","Chicago",41.94524357,-87.7066499,15,"2/10/2015 14:41",NA,1927,2074,138.453805569971,35.5639534883721,0.758720930232558,0.868188894654904
"455",491,"Talman Ave & Addison St","Chicago",41.94663583,-87.69461476,15,"2/10/2015 14:41",NA,2181,2373,151.068195017576,32.2469463621881,0.813064259160913,0.823016964695094
"456",492,"Leavitt St & Addison St","Chicago",41.946655,-87.683359,15,"2/10/2015 14:41",NA,1760,1853,146.912689393939,35.6668806161747,0.728498074454429,0.859659090909091
"457",493,"Oakley Ave & Roscoe St","Chicago",41.942916,-87.685801,15,"2/10/2015 14:42",NA,3008,3000,168.152620789007,42.0487891737891,0.73957962237264,0.923537234042553
"458",494,"Kedzie Ave & Bryn Mawr Ave","Chicago",41.98239708,-87.70892252,15,"2/10/2015 14:42",NA,438,554,150.720053272451,38.9745042492918,0.64,0.753424657534247
"459",495,"Keystone Ave & Montrose Ave","Chicago",41.96110802,-87.7289701,15,"2/10/2015 14:42",NA,750,830,172.249444444444,38.8869426751592,0.664012738853503,0.821333333333333
"460",496,"Avers Ave & Belmont Ave","Chicago",41.939408,-87.723574,11,"2/10/2015 14:47",NA,968,1054,147.541460055096,33.2265529841657,0.737100737100737,0.820247933884298
"461",497,"Kimball Ave & Belmont Ave","Chicago",41.939398,-87.711561,23,"2/10/2015 14:47",NA,1473,1511,136.657818510975,33.9888535031846,0.77414205905826,0.821452817379498
"462",498,"California Ave & Fletcher St","Chicago",41.93842879,-87.69800776,19,"2/10/2015 14:47",NA,1609,1967,157.140428837787,33.8430656934306,0.674743024963289,0.814170292106899
"463",499,"Kosciuszko Park","Chicago",41.93058537,-87.72377736,15,"2/10/2015 14:48",NA,1795,2008,151.337808727948,32.8780641106223,0.782745591939547,0.850139275766017
"464",500,"Central Park Ave & Elbridge Ave","Chicago",41.93533728,-87.71688929,15,"2/10/2015 14:48",NA,1327,1223,121.841899020347,33.5571672354949,0.715173025732032,0.846269781461944
"465",501,"Richmond St & Diversey Ave","Chicago",41.93190197,-87.70119513,15,"2/10/2015 14:48",NA,2199,2170,127.761330907988,31.6306081754735,0.692461308037943,0.889495225102319
"466",502,"California Ave & Altgeld St","Chicago",41.92669,-87.697668,15,"2/10/2015 14:48",NA,2867,3050,153.347552610162,32.3912534166341,0.818430300663803,0.870247645622602
"467",503,"Drake Ave & Fullerton Ave","Chicago",41.92439882,-87.71544104,15,"2/10/2015 14:49",NA,2080,2361,134.856450320513,33.376423690205,0.651653363740023,0.795673076923077
"468",504,"Campbell Ave & Fullerton Ave","Chicago",41.92463247,-87.68930701,15,"2/10/2015 14:49",NA,2571,2712,141.196616102684,33.0365376250543,0.714721254355401,0.866977829638273
"469",505,"Winchester Ave & Elston Ave","Chicago",41.92409085,-87.67646007,15,"2/10/2015 14:49",NA,3034,3236,173.857042408262,33.1267207906812,0.783434922911438,0.911997363216875
"470",506,"Spaulding Ave & Armitage Ave","Chicago",41.91718375,-87.71035665,15,"2/10/2015 14:50",NA,3561,3777,150.902078067958,35.554108216433,0.767605633802817,0.809323223813535
"471",507,"Humboldt Blvd & Armitage Ave","Chicago",41.91751339,-87.70180896,19,"2/10/2015 14:50",NA,3960,4040,148.516864478114,34.1257106759317,0.63001579778831,0.764393939393939
"472",508,"Central Park Ave & North Ave","Chicago",41.90965688,-87.71663195,15,"2/10/2015 14:50",NA,1343,1350,133.969520972946,33.8139059304704,0.730532786885246,0.681310498883098
"473",509,"Troy St & North Ave","Chicago",41.9097693,-87.70528049,15,"2/10/2015 14:50",NA,1375,1426,157.990642424242,35.5326395458846,0.57345971563981,0.721454545454545
"474",510,"Spaulding Ave & Division St","Chicago",41.90270659,-87.70921957,15,"2/10/2015 14:51",NA,1003,985,177.110019940179,34.7242990654206,0.494518879415347,0.821535393818544
"475",511,"Albany Ave & Bloomingdale Ave","Chicago",41.91402671,-87.70512646,15,"2/10/2015 14:51",NA,3808,3693,154.861025035014,36.3394895903291,0.62020202020202,0.753151260504202
"476",514,"Ridge Blvd & Howard St","Chicago",42.019276,-87.68452,15,"5/12/2016 17:35",NA,643,563,163.536184551581,51.5653650254669,0.587436332767402,0.808709175738725
"477",515,"Paulina St & Howard St","Chicago",42.019159,-87.673573,23,"5/12/2016 17:36",NA,2071,2324,167.144672460969,38.4437772925764,0.77747402952433,0.857556735876388
"478",517,"Clark St & Jarvis Ave","Chicago",42.015963,-87.675005,15,"5/12/2016 17:38",NA,782,763,146.389300937766,41.017094017094,0.80945558739255,0.888746803069054
"479",518,"Conservatory Dr & Lake St","Chicago",41.885502,-87.716866,15,"5/24/2016 15:32",NA,565,588,124.85796460177,40.1502347417841,0.565320665083135,0.688495575221239
"480",519,"Wolcott Ave & Fargo Ave","Chicago",42.016977,-87.677725,11,"5/24/2016 15:40",NA,192,212,145.861805555556,37.4295302013422,0.805369127516778,0.770833333333333
"481",520,"Greenview Ave & Jarvis Ave","Chicago",42.015962,-87.66857,23,"5/24/2016 15:41",NA,1939,2058,140.891791301358,39.3166023166023,0.555063641394577,0.908200103145952
"482",522,"Bosworth Ave & Howard St","Chicago",42.019537,-87.669563,15,"5/24/2016 15:43",NA,714,701,150.763842203548,39.8512898330805,0.640364188163885,0.907563025210084
"483",523,"Eastlake Ter & Rogers Ave","Chicago",42.021019,-87.665086,15,"5/24/2016 15:44",NA,2168,1956,171.369880073801,42.2221633085896,0.487002652519894,0.855627306273063
"484",524,"Austin Blvd & Chicago Ave","Chicago",41.894887,-87.774704,11,"5/24/2016 15:45",NA,122,156,158.754644808743,40.6265060240964,0.795180722891566,0.532786885245902
"485",525,"Glenwood Ave & Touhy Ave","Chicago",42.012701,-87.666058,15,"5/24/2016 15:47",NA,841,779,132.229825604439,39.1775312066575,0.702513966480447,0.833531510107015
"486",526,"Oakley Ave & Touhy Ave","Chicago",42.012342,-87.688243,15,"5/24/2016 15:48",NA,424,334,192.661360062893,37.6514522821576,0.854771784232365,0.535377358490566
"487",527,"Western Ave & Howard St","Chicago",42.018901,-87.690048,19,"5/24/2016 15:49",NA,617,628,169.037115072934,43.0833333333333,0.768518518518518,0.842787682333874
"488",528,"Pulaski Rd & Lake St","Chicago",41.885409,-87.726491,15,"5/24/2016 15:50",NA,110,77,121.618636363636,40.840909090909,0.784090909090909,0.781818181818182
"489",529,"Cicero Ave & Lake St","Chicago",41.886841,-87.745261,15,"5/27/2016 8:35",NA,54,68,183.434567901235,38.9574468085107,0.934782608695652,0.833333333333333
"490",530,"Laramie Ave & Kinzie St","Chicago",41.887832,-87.755527,15,"5/27/2016 8:37",NA,65,82,168.962051282051,40.3800000000001,0.914893617021277,0.738461538461539
"491",531,"Central Ave & Lake St","Chicago",41.887664,-87.765469,15,"5/27/2016 8:38",NA,104,103,156.598717948718,45.4086021505377,0.419354838709677,0.836538461538462
"492",532,"Austin Blvd & Lake St","Chicago",41.887919,-87.774446,15,"5/27/2016 8:38",NA,380,321,119.88350877193,40.3310104529617,0.832752613240418,0.713157894736842
"493",533,"Central Park Blvd & 5th Ave","Chicago",41.875679,-87.71547,15,"5/27/2016 8:40",NA,61,70,91.4330601092896,33.7666666666667,0.75,0.868852459016393
"494",534,"Pulaski Rd & Madison St","Chicago",41.880827,-87.726279,15,"5/27/2016 8:41",NA,123,134,133.277235772358,46.1203703703704,0.666666666666667,0.878048780487805
"495",535,"Pulaski Rd & Congress Pkwy","Chicago",41.874325,-87.725704,15,"5/27/2016 8:41",NA,88,124,169.000757575758,37.1538461538462,0.897435897435897,0.784090909090909
"496",536,"Kostner Ave & Lake St","Chicago",41.885928,-87.73541,15,"5/27/2016 8:42",NA,41,33,82.1418699186992,40.9285714285713,0.857142857142857,0.634146341463415
"497",537,"Kenton Ave & Madison St","Chicago",41.880708,-87.741018,15,"5/27/2016 8:43",NA,14,11,137.239285714286,40.4166666666667,0.916666666666667,0.785714285714286
"498",538,"Cicero Ave & Flournoy St","Chicago",41.872131,-87.746619,15,"5/27/2016 8:43",NA,25,24,126.924,42.6818181818182,0.863636363636364,0.8
"499",539,"Cicero Ave & Quincy St","Chicago",41.877613,-87.745405,15,"5/27/2016 8:44",NA,33,24,134.689393939394,34.6666666666667,0.428571428571429,0.636363636363636
"500",540,"Laramie Ave & Madison St","Chicago",41.880207,-87.755337,15,"5/27/2016 8:46",NA,19,28,175.297368421053,45.8888888888889,0.705882352941177,0.894736842105263
"501",541,"Central Ave & Harrison St","Chicago",41.872993,-87.764499,15,"5/27/2016 8:49",NA,67,59,108.566417910448,42.1666666666667,0.472222222222222,0.522388059701492
"502",542,"Central Ave & Madison St","Chicago",41.880121,-87.763238,15,"5/27/2016 9:03",NA,29,21,173.454597701149,37.7619047619048,0.6,0.586206896551724
"503",543,"Laramie Ave & Gladys Ave","Chicago",41.875806,-87.755285,15,"5/27/2016 9:04",NA,32,27,126.827083333333,42.8,0.72,0.78125
"504",544,"Austin Blvd & Madison St","Chicago",41.880281,-87.774453,15,"5/27/2016 9:05",NA,150,110,147.297222222222,38.5999999999999,0.873949579831933,0.746666666666667
"505",545,"Kostner Ave & Adams St","Chicago",41.877917,-87.735737,15,"5/27/2016 9:05",NA,87,91,147.403448275862,38.6794871794871,0.987179487179487,0.885057471264368
"506",546,"Damen Ave & Pershing Rd","Chicago",41.823192,-87.676597,11,"5/27/2016 9:13",NA,200,222,130.51,32.9439252336449,0.719626168224299,0.43
"507",547,"Ashland Ave & Pershing Rd","Chicago",41.823465,-87.665577,11,"5/27/2016 9:24",NA,261,351,106.479501915709,36.0566801619434,0.434959349593496,0.938697318007663
"508",548,"Morgan St & Pershing Rd","Chicago",41.823613,-87.650931,11,"5/27/2016 9:25",NA,61,59,171.97349726776,34.9130434782608,0.91304347826087,0.590163934426229
"509",549,"Marshfield Ave & 44th St","Chicago",41.813996,-87.666589,11,"5/27/2016 9:25",NA,65,74,145.331282051282,32.1785714285713,0.464285714285714,0.861538461538462
"510",550,"Central Ave & Chicago Ave","Chicago",41.894958,-87.764902,11,"5/27/2016 9:25",NA,43,48,159.359689922481,38.0857142857142,0.542857142857143,0.697674418604651
"511",551,"Hoyne Ave & 47th St","Chicago",41.808227,-87.67718,11,"5/27/2016 9:29",NA,220,263,145.934772727273,41.467336683417,0.767676767676768,0.9
"512",552,"Ashland Ave & McDowell Ave","Chicago",41.80887,-87.66454,11,"5/27/2016 9:30",NA,350,312,111.948714285714,40.5835866261398,0.911854103343465,0.925714285714286
"513",553,"Elizabeth St & 47th St","Chicago",41.80839,-87.656526,11,"5/27/2016 10:03",NA,156,165,162.592841880342,39.020979020979,0.72027972027972,0.903846153846154
"514",554,"Damen Ave & 51st St","Chicago",41.800908,-87.674684,11,"5/27/2016 10:15",NA,59,78,115.712429378531,32.9666666666667,0.8,0.372881355932203
"515",555,"Ashland Ave & 50th St","Chicago",41.803023,-87.664699,11,"5/27/2016 10:16",NA,82,91,149.898170731707,39.7246376811595,0.333333333333333,0.829268292682927
"516",556,"Throop St & 52nd St","Chicago",41.799659,-87.657195,11,"5/27/2016 10:48",NA,13,13,104.465384615385,31.9166666666667,0.666666666666667,0.846153846153846
"517",557,"Seeley Ave & Garfield Blvd","Chicago",41.794087,-87.675478,11,"5/27/2016 10:48",NA,29,25,181.439655172414,29.2173913043478,0.91304347826087,0.758620689655172
"518",558,"Ashland Ave & Garfield Blvd","Chicago",41.792822,-87.664429,11,"5/27/2016 10:49",NA,23,33,179.38768115942,42.090909090909,1,0.434782608695652
"519",559,"Racine Ave & Garfield Blvd","Chicago",41.794228,-87.655073,11,"5/27/2016 10:49",NA,51,41,148.319281045752,32.8888888888889,0.62962962962963,0.450980392156863
"520",560,"Marshfield Ave & 59th St","Chicago",41.786833,-87.666215,11,"5/27/2016 10:50",NA,23,18,154.885507246377,32.0952380952381,0.428571428571429,0.91304347826087
"521",561,"Damen Ave & 59th St","Chicago",41.78602,-87.674167,11,"5/27/2016 10:50",NA,31,35,105.520967741935,31.8235294117646,0.294117647058824,0.516129032258065
"522",562,"Racine Ave & 61st St","Chicago",41.783189,-87.654372,11,"5/27/2016 10:51",NA,8,12,143.770833333333,45,0.8,0.625
"523",563,"Ashland Ave & 63rd St","Chicago",41.779374,-87.664843,15,"5/27/2016 10:51",NA,73,73,167.018264840183,32.4126984126983,0.507936507936508,0.835616438356164
"524",564,"Racine Ave & 65th St","Chicago",41.775393,-87.654308,11,"5/27/2016 10:52",NA,23,21,180.883333333333,30.2352941176471,0.764705882352941,0.608695652173913
"525",565,"Ashland Ave & 66th St","Chicago",41.774074,-87.663815,11,"5/27/2016 10:52",NA,15,10,150.172222222222,40.125,0.75,0.533333333333333
"526",566,"Ashland Ave & 69th St","Chicago",41.768726,-87.664069,11,"5/27/2016 10:53",NA,83,84,172.346184738956,35.4054054054054,0.540540540540541,0.867469879518072
"527",567,"May St & 69th St","Chicago",41.768938,-87.652934,11,"5/27/2016 10:53",NA,123,121,166.237669376694,33.7459016393443,0.0901639344262295,0.967479674796748
"528",568,"Normal Ave & 72nd St","Chicago",41.763462,-87.637297,11,"5/27/2016 10:54",NA,50,49,161.546666666667,31.3,0.425,0.78
"529",569,"Woodlawn Ave & 75th St","Chicago",41.75916,-87.595751,15,"5/27/2016 10:54",NA,30,36,160.536666666667,46.2758620689656,0.758620689655172,0.933333333333333
"530",570,"Evans Ave & 75th St","Chicago",41.758308,-87.606685,11,"5/27/2016 10:55",NA,350,391,156.577857142857,43.6783216783217,0.881118881118881,0.811428571428571
"531",571,"Vernon Ave & 75th St","Chicago",41.758361,-87.614138,11,"5/27/2016 10:55",NA,111,103,154.922222222222,37.2978723404256,0.446808510638298,0.405405405405405
"532",572,"State St & 76th St","Chicago",41.756971,-87.624621,11,"5/27/2016 10:56",NA,99,82,178.525925925926,34.4588235294118,0.530120481927711,0.757575757575758
"533",573,"State St & 79th St","Chicago",41.750794,-87.624424,15,"5/27/2016 10:56",NA,252,226,183.906415343915,36.7053571428571,0.887892376681614,0.793650793650794
"534",574,"Eberhart (Vernon) Ave & 79th St","Chicago",41.751345,-87.612568,11,"5/27/2016 10:57",NA,60,74,153.765277777778,35.4615384615386,0.82051282051282,0.616666666666667
"535",575,"Cottage Grove Ave & 78th St","Chicago",41.753174,-87.605026,11,"5/27/2016 10:57",NA,126,131,126.721957671958,43.627659574468,0.765957446808511,0.738095238095238
"536",576,"Greenwood Ave & 79th St","Chicago",41.751294,-87.597552,15,"5/27/2016 11:29",NA,45,43,141.877407407407,37.4827586206898,0.517241379310345,0.622222222222222
"537",577,"Stony Island Ave & South Chicago Ave","Chicago",41.751173,-87.585337,11,"5/27/2016 11:31",NA,64,66,161.364583333333,34.8571428571429,0.63265306122449,0.765625
"538",578,"Bennett Ave & 79th St","Chicago",41.751785,-87.578496,11,"5/27/2016 11:31",NA,72,39,133.184953703704,30.5079365079366,0.580645161290323,0.833333333333333
"539",579,"Phillips Ave & 79th St","Chicago",41.75182,-87.565211,11,"5/27/2016 11:32",NA,75,69,179.982444444444,42.0545454545454,0.854166666666667,0.733333333333333
"540",580,"Exchange Ave & 79th St","Chicago",41.751731,-87.552812,15,"5/27/2016 11:32",NA,311,304,168.99062165059,35.5993031358885,0.821678321678322,0.916398713826367
"541",581,"Commercial Ave & 83rd St","Chicago",41.744607,-87.551201,0,"5/27/2016 11:33",NA,38,52,122.441666666667,29.1944444444443,1,0.947368421052632
"542",582,"Phillips Ave & 83rd St","Chicago",41.744688,-87.566066,0,"5/27/2016 11:34",NA,35,45,139.350476190476,69.3076923076924,0.882352941176471,0.714285714285714
"543",583,"Stony Island Ave & 82nd St","Chicago",41.746559,-87.586005,11,"5/27/2016 11:34",NA,55,54,179.802424242424,40.1282051282051,0.684210526315789,0.6
"544",584,"Ellis Ave & 83rd St","Chicago",41.744123,-87.599034,15,"5/27/2016 11:35",NA,37,42,157.842792792793,38.125,0.666666666666667,0.459459459459459
"545",585,"Cottage Grove Ave & 83rd St","Chicago",41.744053,-87.604786,11,"5/27/2016 11:36",NA,146,166,157.115525114155,39.2278481012659,0.746835443037975,0.5
"546",586,"MLK Jr Dr & 83rd St","Chicago",41.743116,-87.6148,11,"5/27/2016 11:36",NA,137,163,181.719464720195,35.320610687023,0.977099236641221,0.948905109489051
"547",587,"Wabash Ave & 83rd St","Chicago",41.743316,-87.622849,11,"5/27/2016 11:37",NA,80,74,146.988333333333,35.0694444444443,0.944444444444444,0.8875
"548",588,"South Chicago Ave & 83rd St","Chicago",41.743921,-87.575225,11,"5/27/2016 11:38",NA,60,39,142.954166666667,34.2285714285715,0.758620689655172,0.466666666666667
"549",589,"Milwaukee Ave & Cuyler Ave","Chicago",41.954468,-87.749594,15,"5/27/2016 11:39",NA,361,470,123.719713758079,39.481884057971,0.855072463768116,0.717451523545706
"550",590,"Kilbourn Ave & Irving Park Rd","Chicago",41.953733,-87.740569,15,"5/27/2016 11:39",NA,656,602,123.941056910569,32.3938356164383,0.682675814751286,0.916158536585366
"551",591,"Kilbourn Ave & Milwaukee Ave","Chicago",41.948818,-87.74002,23,"5/27/2016 11:40",NA,603,501,157.772056384743,33.6134122287967,0.883629191321499,0.824212271973466
"552",592,"Knox Ave & Montrose Ave","Chicago",41.960631,-87.745359,15,"5/27/2016 11:40",NA,581,470,116.986890418818,35.8084677419354,0.852822580645161,0.817555938037866
"553",593,"Halsted St & 59th St","Chicago",41.787539,-87.644874,11,"5/27/2016 11:41",NA,32,38,146.998958333333,43.4285714285713,0.55,0.65625
"554",594,"Western Blvd & 48th Pl","Chicago",41.805661,-87.683392,15,"5/27/2016 11:42",NA,185,138,152.957477477477,27.6220930232557,0.578947368421053,0.837837837837838
"555",595,"Wabash Ave & 87th St","Chicago",41.736646,-87.622634,15,"5/27/2016 11:42",NA,87,97,164.227203065134,36.7564102564102,0.909090909090909,0.839080459770115
"556",596,"Benson Ave & Church St","Evanston",42.048214,-87.683485,15,"6/14/2016 11:00",NA,4971,4937,166.63838932475,37.8129985922103,0.79214671996238,0.816535908267954
"557",597,"Chicago Ave & Washington St","Evanston",42.032562,-87.679101,15,"6/14/2016 11:01",NA,2991,3096,187.085684832275,40.1800947867298,0.765612648221344,0.818789702440655
"558",598,"Elmwood Ave & Austin St","Evanston",42.025784,-87.684107,15,"6/14/2016 11:02",NA,762,877,162.83552055993,40.0838068181818,0.819602272727273,0.906824146981627
"559",599,"Valli Produce - Evanston Plaza","Evanston",42.039742,-87.699413,15,"6/14/2016 11:03",NA,422,575,175.684281200632,36.3589743589744,0.663817663817664,0.734597156398104
"560",600,"Dodge Ave & Church St","Evanston",42.048308,-87.698224,15,"6/14/2016 11:03",NA,751,668,170.990834442965,40.1148036253776,0.844175491679274,0.865512649800266
"561",601,"Central St Metra","Evanston",42.063598,-87.69873,15,"6/14/2016 11:04",NA,1144,1369,163.050626456876,47.87660944206,0.843544857768053,0.787587412587413
"562",602,"Central St & Girard Ave","Evanston",42.064313,-87.686152,15,"6/14/2016 11:04",NA,1213,1086,165.381313547678,43.8069498069499,0.792270531400966,0.810387469084913
"563",603,"Chicago Ave & Sheridan Rd","Evanston",42.050491,-87.677821,15,"6/14/2016 11:05",NA,2417,2267,142.597876155013,30.7193675889328,0.752542372881356,0.673976003309888
"564",604,"Sheridan Rd & Noyes St (NU)","Evanston",42.058239,-87.677432,15,"6/14/2016 11:05",NA,2933,2830,157.721224002728,35.0281690140846,0.789560894780447,0.795431299011251
"565",605,"University Library (NU)","Evanston",42.052939,-87.673447,15,"6/14/2016 11:06",NA,3151,3210,149.393298423781,34.2271147161066,0.843568945538818,0.790542684861949
"566",606,"Forest Ave & Chicago Ave","Oak Park",41.894355,-87.80022,19,"6/23/2016 12:21",NA,37,36,119.37027027027,46.96875,1,0.864864864864865
"567",607,"Cuyler Ave & Augusta St","Oak Park",41.898168,-87.783055,11,"6/23/2016 12:22",NA,18,21,148.824074074074,51,0.944444444444444,1
"568",608,"Humphrey Ave & Ontario St","Oak Park",41.890249,-87.778281,11,"6/23/2016 12:23",NA,2,6,246.966666666667,44,1,1
"569",609,"Forest Ave & Lake St","Oak Park",41.88891,-87.800255,15,"6/23/2016 12:23",NA,25,21,161.582,44.7916666666667,1,0.96
"570",610,"Marion St & South Blvd","Oak Park",41.88681,-87.80287,19,"6/23/2016 12:24",NA,40,40,164.262083333333,42.6410256410256,0.769230769230769,0.975
"571",611,"Oak Park Ave & South Blvd","Oak Park",41.886923,-87.793899,19,"6/23/2016 12:25",NA,24,22,178.25,48.1666666666667,0.75,1
"572",612,"Ridgeland Ave & Lake St","Oak Park",41.888085,-87.785236,15,"6/23/2016 12:25",NA,11,6,204.866666666667,44.3636363636363,0.727272727272727,1
"573",613,"Wisconsin Ave & Madison St (Temp)","Oak Park",41.879902,-87.803911,11,"6/23/2016 12:26",NA,14,17,186.845238095238,52.5714285714287,0.642857142857143,1
"574",614,"East Ave & Madison St","Oak Park",41.880113,-87.789247,15,"6/23/2016 12:26",NA,12,12,183.911111111111,40,0.833333333333333,1
"575",615,"Lombard Ave & Madison St","Oak Park",41.87981,-87.779425,15,"6/23/2016 12:27",NA,8,15,198.160416666667,39.125,0.75,1
"576",616,"Oak Park Ave & Harrison St","Oak Park",41.872987,-87.793945,19,"6/23/2016 12:27",NA,3,7,206.905555555556,42,1,1
"577",617,"East Ave & Garfield St","Oak Park",41.871312,-87.788938,15,"6/23/2016 12:27",NA,9,11,164.251851851852,35.3333333333333,1,1
"578",618,"Lombard Ave & Garfield St","Oak Park",41.870699,-87.778797,19,"6/23/2016 12:28",NA,13,6,130.164102564103,42.0769230769231,0.846153846153846,1
"579",619,"Keystone Ave & Fullerton Ave","Chicago",41.924361,-87.727752,15,"7/7/2016 16:46",NA,702,685,133.137037037037,34.8175787728026,0.635607321131448,0.824786324786325
"580",620,"Orleans St & Chestnut St (NEXT Apts)","Chicago",41.898203,-87.637536,15,"7/7/2016 16:46",NA,8299,7540,181.543567498092,33.702670856245,0.83366258395891,0.891794192071334
"581",622,"California Ave & Cortez St","Chicago",41.900363,-87.696704,15,"4/27/2017 9:17",NA,3828,3871,139.611389759666,35.3719512195121,0.752697579469233,0.871473354231975
"582",623,"Michigan Ave & 8th St","Chicago",41.872773,-87.623981,31,"6/13/2017 15:23",NA,11494,10541,154.796730178064,37.3930753564155,0.708822029576747,0.433443535757787
"583",624,"Dearborn St & Van Buren St (*)","Chicago",41.876268,-87.629155,16,"7/26/2017 21:25",NA,5046,4905,178.30964130004,36.7338890018295,0.768588307190874,0.90110978993262
"584",625,"Chicago Ave & Dempster St","Evanston",42.041691,-87.680687,15,"8/11/2017 16:53",NA,1849,1852,162.810194699838,37.1502782931354,0.723048327137547,0.798269334775554
"585",626,"Delano Ct & Roosevelt Rd","Chicago",41.867491,-87.63219,19,"12/21/2017 22:06",NA,6474,5705,173.954775512306,34.8693222782986,0.715935751669374,0.832406549274019
